index,tag,name,M,N,K,dtype,A,B,mean_microseconds,arithmetic_intensity,tflops,ok
0,unet,hipblaslt,128,1280,2048,fp16,N,T,13.582600000000001,110.10752688172043,49.40796607424204,True
1,gpt4memory,hipblaslt,16,8192,1024,fp16,N,N,8.714709999999998,15.723608445297504,30.802568989673784,True
2,unet,hipblaslt,8192,5120,640,fp16,N,N,120.56936,531.9480519480519,445.2797228085145,True
3,llama70bskinnybf16,hipblaslt,8192,8,4096,bf16,T,N,19.40032,7.976630963972736,27.67330188368027,True
4,llama70bskinnybf16,hipblaslt,16000,16,8192,bf16,T,N,51.39781,15.952889124304788,81.6047220688975,True
5,llama13bskinnybf16,hipblaslt,16000,2,5120,bf16,T,N,32.46052,1.998969281464245,10.09472429893298,True
6,llama70bskinnybf16,hipblaslt,7168,32,8192,bf16,T,N,45.27139,31.73436635307139,83.01261313160477,True
7,gpt4memory,hipblaslt,16,8192,65536,fp16,N,N,266.32115000000005,15.964920828258222,64.50809176815284,True
8,llama13bskinnybf16,hipblaslt,27648,8,5120,bf16,T,N,60.931760000000004,7.985212569316081,37.17148757889153,True
9,llama70bmatvecbf16,hipblaslt,8192,1,28672,bf16,T,N,154.59711,0.9998430770840235,3.0386211488688244,True
10,llama13bskinny,hipblaslt,16000,8,5120,fp16,T,N,33.57658,7.983533961205015,39.036733342109294,True
11,llama70bmatvecbf16,hipblaslt,32000,1,8192,bf16,T,N,154.84644,0.9998467031910147,3.385857627724603,True
12,gpt4memory,hipblaslt,16,8192,8192,fp16,N,N,30.79832,15.937743190661479,69.727298372119,True
13,llama70bskinny,hipblaslt,8192,16,2048,fp16,T,N,9.47458,15.845261121856867,56.664349448735464,True
14,llama70bmatvec,hipblaslt,2560,1,8192,fp16,T,N,14.79364,0.9994875674092872,2.8352075621686077,True
15,llama70bskinnybf16,hipblaslt,5120,2,8192,bf16,T,N,24.256349999999998,1.998731274093593,6.9166284292566695,True
16,llama13bskinny,hipblaslt,5120,8,2560,fp16,T,N,9.62893,7.962674961119752,21.779699301999287,True
17,llama70bskinnybf16,hipblaslt,8192,8,28672,bf16,T,N,154.43089,7.989967953183782,24.33513388416009,True
18,llama70bskinny,hipblaslt,14336,32,8192,fp16,T,N,67.0463,31.804769828064337,112.10451237428464,True
19,llama70bskinnybf16,hipblaslt,8192,16,3584,bf16,T,N,14.40183,15.897976157471582,65.23643842483906,True
20,llama70bskinny,hipblaslt,8192,16,4096,fp16,T,N,17.22759,15.906796116504854,62.32687357895097,True
21,llama13bskinnybf16,hipblaslt,16000,4,5120,bf16,T,N,32.994800000000005,3.9958792495239286,19.86252379162777,True
22,llama70bskinny,hipblaslt,7168,32,8192,fp16,T,N,44.41655,31.73436635307139,84.61027216206571,True
23,llama70bmatvec,hipblaslt,10240,1,8192,fp16,T,N,34.39581,0.9997803217066562,4.877691788621928,True
24,llama70bskinnybf16,hipblaslt,8192,16,14336,bf16,T,N,45.90065,15.95104311543811,81.8745787695817,True
25,llama13bskinny,hipblaslt,27648,2,5120,fp16,T,N,60.041290000000004,1.999074502545118,9.430694110669506,True
26,llama70bskinny,hipblaslt,8192,32,8192,fp16,T,N,42.27942,31.751937984496124,101.58529364877758,True
27,llama13bskinny,hipblaslt,13824,2,5120,fp16,T,N,27.79447,1.9989299709356971,10.186037726209566,True
28,llama70bmatvec,hipblaslt,16000,1,8192,fp16,T,N,57.02557,0.9998154637474138,4.596955365812214,True
29,unet,hipblaslt,2048,10240,1280,bf16,N,N,94.15214999999999,731.4285714285714,570.2163062659749,True
30,llama70bmatvec,hipblaslt,5120,1,8192,fp16,T,N,25.360529999999997,0.9996827178873893,3.3077415968830306,True
31,gpt4memory,hipblaslt,16,16,8192,fp16,N,N,5.72274,7.9921951219512195,0.7329188465665049,True
32,llama70bskinnybf16,hipblaslt,1280,32,8192,bf16,T,N,10.72123,31.100987091875474,62.59437023550469,True
33,llama13bskinny,hipblaslt,5120,8,1280,fp16,T,N,6.57759,7.937984496124031,15.94164428004786,True
34,llama70bskinny,hipblaslt,8192,16,14336,fp16,T,N,46.387449999999994,15.95104311543811,81.01536911384439,True
35,llama70bskinnybf16,hipblaslt,4000,16,8192,bf16,T,N,23.935779999999998,15.905313679501717,43.8078892770572,True
36,compute,hipblaslt,4096,4096,8192,fp16,N,T,352.67280999999997,1638.4,779.4133801922525,True
37,llama70bskinnybf16,hipblaslt,16000,4,8192,bf16,T,N,52.60885,3.997049053628376,19.931551440489578,True
38,llama70bskinnybf16,hipblaslt,28672,2,8192,bf16,T,N,138.44996,1.999372406819846,6.786019266455548,True
39,llama70bskinnybf16,hipblaslt,14336,8,8192,bf16,T,N,46.4943,7.987742025351721,40.41459258446734,True
40,llama13bskinny,hipblaslt,13824,32,5120,fp16,T,N,42.46939,31.728253385356897,106.66148772092089,True
41,llama70bskinnybf16,hipblaslt,8192,2,8192,bf16,T,N,29.99097,1.9990239141044412,8.95054264666998,True
42,llama13bskinny,hipblaslt,5120,8,640,fp16,T,N,6.078930000000001,7.889060092449923,8.624675724181722,True
43,llama70bskinny,hipblaslt,1280,32,8192,fp16,T,N,10.994309999999999,31.100987091875474,61.03963231889951,True
44,llama13bskinny,hipblaslt,5120,2,3456,fp16,T,N,12.1816,1.9980632199690693,5.810310632429238,True
45,llama70bskinnybf16,hipblaslt,8192,4,8192,bf16,T,N,31.11888,3.9960975609756098,17.25225689356429,True
46,gpt4memory,hipblaslt,16,16,65536,fp16,N,N,8.72658,7.999023556694739,3.8450838701988634,True
47,llama13bskinnybf16,hipblaslt,5120,32,6912,bf16,T,N,22.2617,31.655598809251202,101.7408445895866,True
48,llama70bmatvecbf16,hipblaslt,16000,1,8192,bf16,T,N,51.43343,0.9998154637474138,5.096762941923181,True
49,llama13bskinnybf16,hipblaslt,15360,8,5120,bf16,T,N,42.49314,7.983367983367984,29.611631430390883,True
50,llama13bskinny,hipblaslt,32000,8,5120,fp16,T,N,113.75431,7.985526233701417,23.04475320539503,True
51,unet,hipblaslt,128,1280,2048,fp16,T,T,19.40033,110.10752688172043,34.591609524167886,True
52,unet,hipblaslt,8192,5120,640,bf16,N,N,120.90181,531.9480519480519,444.05531397751616,True
53,llama70bskinny,hipblaslt,32000,4,8192,fp16,T,N,156.30680999999998,3.9975483785334776,13.4168946317822,True
54,llama70bskinnybf16,hipblaslt,5120,4,8192,bf16,T,N,26.92775,3.9949283136642935,12.460911884580034,True
55,llama13bskinny,hipblaslt,5120,32,1728,fp16,T,N,11.0893,31.2265642647391,51.06102639481302,True
56,llama13bskinny,hipblaslt,3840,4,5120,fp16,T,N,16.78829,3.9927216012477253,9.36881600210623,True
57,llama70bskinnybf16,hipblaslt,32000,16,8192,bf16,T,N,155.13139,15.960846049534736,54.07421412262212,True
58,llama13bskinnybf16,hipblaslt,1920,2,5120,bf16,T,N,14.80551,1.997139513717332,2.6558760893748343,True
59,llama70bskinny,hipblaslt,8192,8,2048,fp16,T,N,10.22257,7.961127308066083,26.25909688072569,True
60,llama70bskinny,hipblaslt,10240,2,8192,fp16,T,N,46.86236,1.9991214798184391,7.160209601052955,True
61,llama13bskinny,hipblaslt,6912,4,5120,fp16,T,N,17.595650000000003,3.9945675730343573,16.090085901913255,True
62,llama70bskinnybf16,hipblaslt,57344,32,8192,bf16,T,N,274.15728,31.857777777777777,109.66249399614703,True
63,llama70bskinnybf16,hipblaslt,7168,8,8192,bf16,T,N,26.89213,7.983293888347487,34.93676759706278,True
64,llama70bskinny,hipblaslt,7168,4,8192,fp16,T,N,26.52407,3.995819106682461,17.71078299823519,True
65,llama70bskinnybf16,hipblaslt,1280,2,8192,bf16,T,N,10.49565,1.9963932348783935,3.996230819434718,True
66,llama13bskinny,hipblaslt,5120,16,1280,fp16,T,N,6.45886,15.753846153846155,32.46938314191669,True
67,llama70bskinny,hipblaslt,2560,16,8192,fp16,T,N,18.73545,15.869817900038745,35.81918982463725,True
68,llama70bskinny,hipblaslt,57344,16,8192,fp16,T,N,281.2454,15.964365256124722,53.44935609969087,True
69,llama13bskinny,hipblaslt,8000,2,5120,fp16,T,N,17.96371,1.9987195702752925,9.120610386161879,True
70,llama70bskinny,hipblaslt,10240,32,8192,fp16,T,N,51.71837,31.77657098525989,103.80661880875209,True
71,llama70bskinnybf16,hipblaslt,1280,16,8192,bf16,T,N,10.83996,15.772044666923373,30.954387285561936,True
72,llama70bskinnybf16,hipblaslt,8192,2,1024,bf16,T,N,6.57759,1.9956151035322778,5.101326169615315,True
73,llama13bskinny,hipblaslt,1920,2,5120,fp16,T,N,14.67491,1.997139513717332,2.6795121741802848,True
74,llama13bskinnybf16,hipblaslt,5120,2,1728,bf16,T,N,9.98512,1.9969087205858986,3.544217796080568,True
75,llama13bskinny,hipblaslt,5120,16,5120,fp16,T,N,17.27507,15.900621118012422,48.559039124009345,True
76,llama13bskinnybf16,hipblaslt,5120,4,1280,bf16,T,N,6.62508,3.9844357976653697,7.913685570589337,True
77,llama70bskinnybf16,hipblaslt,10240,8,8192,bf16,T,N,34.87073,7.985962175862741,38.490082656715245,True
78,llama13bskinny,hipblaslt,5120,32,2560,fp16,T,N,9.99699,31.411042944785276,83.91133731253107,True
79,llama13bskinny,hipblaslt,3456,2,5120,fp16,T,N,15.95719,1.9980632199690693,4.435547862750271,True
80,llama70bskinnybf16,hipblaslt,28672,16,8192,bf16,T,N,140.90765,15.959922070693015,53.34126832716322,True
81,llama70bskinnybf16,hipblaslt,8192,32,28672,bf16,T,N,146.63039999999998,31.840088839533593,102.51888787045526,True
82,llama13bskinnybf16,hipblaslt,32000,32,5120,bf16,T,N,99.50683000000001,31.769669893273765,105.37728917703437,True
83,llama13bskinny,hipblaslt,5120,32,3456,fp16,T,N,13.1433,31.511283337132436,86.16268973545456,True
84,unet,hipblaslt,128,1280,2048,bf16,T,T,19.38846,110.10752688172043,34.61278719403191,True
85,llama13bmatvecbf16,hipblaslt,16000,1,5120,bf16,T,N,32.60301,0.9997422539501535,5.025302878476558,True
86,llama13bskinnybf16,hipblaslt,5120,32,5120,bf16,T,N,17.571900000000003,31.604938271604937,95.47752946465663,True
87,gpt4compute,hipblaslt,2048,8192,8192,fp16,N,N,355.51043,1365.3333333333333,773.1922434568235,True
88,llama13bskinny,hipblaslt,5120,32,5120,fp16,T,N,17.64314,31.604938271604937,95.09200743178368,True
89,llama70bmatvecbf16,hipblaslt,2560,1,8192,bf16,T,N,13.85568,0.9994875674092872,3.027136885378415,True
90,llama13bskinnybf16,hipblaslt,15360,16,5120,bf16,T,N,42.57624,15.933609958506224,59.10767132090575,True
91,llama13bskinnybf16,hipblaslt,5120,4,2560,bf16,T,N,9.367719999999998,3.990646921278254,11.193502794703516,True
92,gpt4compute,hipblaslt,8192,2048,1024,fp16,N,N,60.029410000000006,630.1538461538462,572.3817436819718,True
93,llama70bmatvec,hipblaslt,8192,1,2048,fp16,T,N,8.65535,0.9993900207392948,3.8767273420485595,True
94,llama70bmatvec,hipblaslt,8192,1,3584,fp16,T,N,13.82006,0.9995990726375791,4.248914693568624,True
95,unet,hipblaslt,2048,10240,1280,fp16,T,N,118.74092999999999,731.4285714285714,452.13635433038974,True
96,llama13bskinny,hipblaslt,32000,4,5120,fp16,T,N,112.009,3.9963782821817726,11.701916810256318,True
97,llama13bskinnybf16,hipblaslt,5120,16,2560,bf16,T,N,9.89013,15.85139318885449,42.408987546169776,True
98,llama70bskinny,hipblaslt,8192,4,2048,fp16,T,N,9.67642,3.990258158792012,13.870597597045187,True
99,llama70bskinny,hipblaslt,8192,32,28672,fp16,T,N,146.90347,31.840088839533593,102.32832169314993,True
100,llama13bskinnybf16,hipblaslt,15360,32,5120,bf16,T,N,43.05116,31.735537190082646,116.91124699078955,True
101,llama70bskinny,hipblaslt,8192,32,14336,fp16,T,N,48.35835,31.804769828064337,155.4269897132553,True
102,unet,hipblaslt,8192,5120,640,bf16,N,T,106.19127,531.9480519480519,505.56972527026,True
103,llama70bskinnybf16,hipblaslt,4000,2,8192,bf16,T,N,23.00969,1.9985128254170237,5.696382697898147,True
104,llama13bskinnybf16,hipblaslt,32000,2,5120,bf16,T,N,110.65549,1.9990941604585422,5.922525850276385,True
105,llama70bskinny,hipblaslt,1280,8,8192,fp16,T,N,10.436290000000001,7.942602288152027,16.07584304384029,True
106,llama13bskinnybf16,hipblaslt,3456,16,5120,bf16,T,N,16.82391,15.876880670724704,33.65632840403925,True
107,compute,hipblaslt,4096,4096,8192,fp16,N,N,325.08018,1638.4,845.5695666958226,True
108,llama70bskinnybf16,hipblaslt,4000,8,8192,bf16,T,N,23.66271,7.976258169043706,22.156718313329286,True
109,llama13bskinny,hipblaslt,5120,4,640,fp16,T,N,5.99582,3.9720713731574864,4.372112571758326,True
110,llama70bmatvecbf16,hipblaslt,8192,1,2048,bf16,T,N,8.66723,0.9993900207392948,3.8714135888859533,True
111,llama13bskinny,hipblaslt,5120,2,1728,fp16,T,N,9.86638,1.9969087205858986,3.58687178073417,True
112,llama70bskinny,hipblaslt,8192,2,1024,fp16,T,N,6.58946,1.9956151035322778,5.092136836705891,True
113,llama13bskinny,hipblaslt,5120,32,1280,fp16,T,N,6.3163800000000005,31.03030303030303,66.40360459630358,True
114,gpt4memory,hipblaslt,8192,16,8192,fp16,N,N,28.99364,15.937743190661479,74.067404023779,True
115,llama13bskinnybf16,hipblaslt,13824,16,5120,bf16,T,N,28.31689,15.931773654488879,79.98491924784113,True
116,compute,hipblaslt,4096,4096,8192,bf16,T,T,2757.1263,1638.4,99.69724888700237,True
117,llama70bskinny,hipblaslt,8192,4,4096,fp16,T,N,19.507189999999998,3.994149195514383,13.760846949253072,True
118,llama70bskinnybf16,hipblaslt,7168,16,8192,bf16,T,N,28.839290000000002,15.933314809669353,65.15584093783168,True
119,llama70bskinnybf16,hipblaslt,2560,8,8192,bf16,T,N,16.26588,7.967321532775725,20.628722208696978,True
120,llama13bskinnybf16,hipblaslt,8000,2,5120,bf16,T,N,19.23411,1.9987195702752925,8.518200218258084,True
121,llama70bskinnybf16,hipblaslt,8192,16,1024,bf16,T,N,7.30184,15.723608445297504,36.76271405563529,True
122,unet,hipblaslt,2048,1280,1280,fp16,N,T,22.083599999999997,487.6190476190476,303.8855259106306,True
123,llama70bskinnybf16,hipblaslt,5120,8,8192,bf16,T,N,24.93311,7.979738944087279,26.91556087467628,True
124,llama70bskinnybf16,hipblaslt,8192,2,2048,bf16,T,N,9.296479999999999,1.9975615703486955,7.218739135672858,True
125,llama13bmatvec,hipblaslt,5120,1,5120,fp16,T,N,16.5627,0.9996095275283092,3.165474228235735,True
126,unet,hipblaslt,128,1280,2048,bf16,N,N,9.81889,110.10752688172043,68.34669091923833,True
127,llama70bskinnybf16,hipblaslt,2560,16,8192,bf16,T,N,18.735439999999997,15.869817900038745,35.81920894305125,True
128,compute,hipblaslt,4096,4096,8192,bf16,N,N,325.21077,1638.4,845.2300240364118,True
129,compute,hipblaslt,4096,4096,8192,fp16,T,N,351.09371000000004,1638.4,782.9189162745181,True
130,llama13bskinnybf16,hipblaslt,5120,16,1728,bf16,T,N,10.69749,15.804275751686292,26.465602678759222,True
131,llama13bskinnybf16,hipblaslt,5120,8,1280,bf16,T,N,6.565720000000001,7.937984496124031,15.970464777663377,True
132,llama70bskinnybf16,hipblaslt,8192,16,4096,bf16,T,N,16.99013,15.906796116504854,63.19797576592998,True
133,llama70bskinnybf16,hipblaslt,14336,32,8192,bf16,T,N,47.88343,31.804769828064337,156.968554007096,True
134,llama13bskinnybf16,hipblaslt,5120,16,5120,bf16,T,N,17.453169999999997,15.900621118012422,48.06352083890779,True
135,llama70bskinny,hipblaslt,8192,2,28672,fp16,T,N,149.19494,1.999372406819846,6.297291959097273,True
136,llama13bskinnybf16,hipblaslt,5120,4,640,bf16,T,N,6.16204,3.9720713731574864,4.25417556523489,True
137,llama70bskinny,hipblaslt,2560,32,8192,fp16,T,N,22.99782,31.483474250576478,58.36106552708039,True
138,llama13bskinnybf16,hipblaslt,6912,2,5120,bf16,T,N,17.571900000000003,1.998640970404962,8.055916548580402,True
139,llama70bskinny,hipblaslt,2560,8,8192,fp16,T,N,14.85301,7.967321532775725,22.59099805359318,True
140,llama70bskinnybf16,hipblaslt,57344,16,8192,bf16,T,N,279.44073,15.964365256124722,53.79454003000924,True
141,llama70bskinnybf16,hipblaslt,8192,4,2048,bf16,T,N,9.937629999999999,3.990258158792012,13.506009783016678,True
142,llama13bskinny,hipblaslt,1920,16,5120,fp16,T,N,15.09047,15.818743563336767,20.845792079371947,True
143,llama70bskinnybf16,hipblaslt,8192,32,14336,bf16,T,N,48.58393,31.804769828064337,154.70532680250443,True
144,llama13bskinny,hipblaslt,4000,8,5120,fp16,T,N,16.88328,7.971601170828922,19.408550945077025,True
145,llama70bskinny,hipblaslt,8192,2,2048,fp16,T,N,9.23712,1.9975615703486955,7.265128524908195,True
146,llama13bskinny,hipblaslt,15360,16,5120,fp16,T,N,42.564370000000004,15.933609958506224,59.12415478016002,True
147,unet,hipblaslt,2048,1280,5120,bf16,T,T,230.92803,682.6666666666666,116.24204129745532,True
148,llama70bskinny,hipblaslt,8192,16,7168,fp16,T,N,26.07291,15.933314809669353,72.06898623897371,True
149,llama13bskinny,hipblaslt,5120,8,1728,fp16,T,N,10.25819,7.950767815034221,13.799487044010688,True
150,compute,hipblaslt,4096,4096,8192,bf16,N,T,348.13737,1638.4,789.5673680306139,True
151,llama70bmatvec,hipblaslt,4000,1,8192,fp16,T,N,22.2617,0.9996280680723285,2.9438901790968344,True
152,llama70bskinny,hipblaslt,14336,8,8192,fp16,T,N,52.7157,7.987742025351721,35.64494433347181,True
153,llama70bskinnybf16,hipblaslt,10240,2,8192,bf16,T,N,34.19397,1.9991214798184391,9.812967608031473,True
154,llama13bmatvecbf16,hipblaslt,5120,1,13824,bf16,T,N,30.0147,0.9997324211546389,4.716281022299073,True
155,llama70bskinny,hipblaslt,2560,4,8192,fp16,T,N,14.461200000000002,3.991813663385635,11.601537908334024,True
156,llama70bskinnybf16,hipblaslt,7168,2,8192,bf16,T,N,25.98979,1.9989542301390875,9.037434469458969,True
157,llama13bskinnybf16,hipblaslt,13824,4,5120,bf16,T,N,27.84197,3.9957221724426972,20.33731952157121,True
158,llama70bskinny,hipblaslt,57344,8,8192,fp16,T,N,278.3128,7.9910813823857305,27.006277713421735,True
159,llama13bskinny,hipblaslt,1920,8,5120,fp16,T,N,14.995479999999999,7.95442775763853,10.488920661425977,True
160,llama70bskinny,hipblaslt,4000,16,8192,fp16,T,N,23.34213,15.905313679501717,44.92203582106689,True
161,llama13bskinny,hipblaslt,5120,4,1728,fp16,T,N,10.35317,3.9876539648657223,6.836445262658683,True
162,llama70bskinnybf16,hipblaslt,2560,4,8192,bf16,T,N,16.02842,3.991813663385635,10.467167693384624,True
163,unet,hipblaslt,2048,1280,1280,bf16,T,T,66.26269,487.6190476190476,101.27699916800842,True
164,llama13bskinnybf16,hipblaslt,6912,32,5120,bf16,T,N,18.41488,31.655598809251202,122.99423944114758,True
165,llama13bskinnybf16,hipblaslt,6912,16,5120,bf16,T,N,18.18929,15.913433866697364,62.25982872338613,True
166,llama70bskinnybf16,hipblaslt,8000,16,8192,bf16,T,N,30.52524,15.936999050627985,68.70222805783018,True
167,llama13bskinny,hipblaslt,5120,2,640,fp16,T,N,6.19766,1.9929933826391593,2.1148627062471967,True
168,llama13bskinny,hipblaslt,8000,32,5120,fp16,T,N,19.23411,31.67532788913635,136.29120349212934,True
169,unet,hipblaslt,2048,1280,1280,bf16,N,T,21.60869,487.6190476190476,310.5642405902441,True
170,llama13bskinny,hipblaslt,5120,2,2560,fp16,T,N,9.72391,1.9976589933671478,5.391740565266441,True
171,llama13bskinny,hipblaslt,7680,8,5120,fp16,T,N,27.04648,7.979220779220779,23.261644398827503,True
172,llama13bskinny,hipblaslt,5120,4,5120,fp16,T,N,16.93076,3.9937597503900157,12.386638284400702,True
173,llama70bskinny,hipblaslt,8192,8,14336,fp16,T,N,52.30015,7.987742025351721,35.92816066493117,True
174,llama13bskinnybf16,hipblaslt,5120,32,2560,bf16,T,N,10.05635,31.411042944785276,83.41603066719038,True
175,llama13bskinnybf16,hipblaslt,5120,32,1280,bf16,T,N,6.54197,31.03030303030303,64.11377612554017,True
176,gpt4compute,hipblaslt,2048,2048,65536,fp16,N,N,785.65397,1008.2461538461539,699.7429337600114,True
177,llama70bskinnybf16,hipblaslt,8192,4,4096,bf16,T,N,19.091630000000002,3.994149195514383,14.060373891595425,True
178,gpt4memory,hipblaslt,16,2048,65536,fp16,N,N,50.9229,15.872124000968757,84.34255111158241,True
179,llama13bskinnybf16,hipblaslt,1920,8,5120,bf16,T,N,14.78177,7.95442775763853,10.640566048585521,True
180,llama70bskinny,hipblaslt,8192,2,14336,fp16,T,N,51.01788,1.9992329951539238,9.20779240532927,True
181,llama70bskinnybf16,hipblaslt,1280,4,8192,bf16,T,N,10.81622,3.985598910187798,7.755581894599037,True
182,unet,hipblaslt,8192,5120,640,fp16,T,T,494.20973,531.9480519480519,108.63220196008686,True
183,llama13bskinnybf16,hipblaslt,5120,8,3456,bf16,T,N,12.490290000000002,7.969101285524874,22.66684920846513,True
184,llama70bmemory,hipblaslt,2,3584,8192,bf16,N,T,16.90702,1.9983969332636349,6.946257353454364,True
185,llama70bmatvec,hipblaslt,1280,1,8192,fp16,T,N,10.37692,0.9990974949386541,2.020977322750874,True
186,unet,hipblaslt,2048,1280,1280,fp16,T,T,66.63076,487.6190476190476,100.71754246837348,True
187,llama70bmatvecbf16,hipblaslt,7168,1,8192,bf16,T,N,28.04381,0.9997384891647344,4.18775166427101,True
188,gpt4compute,hipblaslt,8192,8192,65536,fp16,N,N,10398.23222,3855.0588235294117,845.9219640516934,True
189,llama13bskinnybf16,hipblaslt,3840,2,5120,bf16,T,N,16.51521,1.9981787433328997,4.761864971744228,True
190,llama13bskinny,hipblaslt,16000,4,5120,fp16,T,N,33.16103,3.9958792495239286,19.762956699475257,True
191,llama70bskinny,hipblaslt,8192,8,7168,fp16,T,N,25.79982,7.983293888347487,36.41591670019403,True
192,llama70bskinny,hipblaslt,28672,32,8192,fp16,T,N,139.35229999999999,31.840088839533593,107.87325028722167,True
193,llama13bskinny,hipblaslt,5120,16,640,fp16,T,N,6.2214,15.562310030395137,16.854341466550938,True
194,llama13bmatvec,hipblaslt,15360,1,5120,fp16,T,N,42.33878,0.9997396511325176,3.714948801075515,True
195,llama13bskinny,hipblaslt,16000,32,5120,fp16,T,N,43.086769999999994,31.738160178527153,121.68189910731301,True
196,llama13bskinnybf16,hipblaslt,4000,16,5120,bf16,T,N,17.28695,15.886806503661413,37.91067828622168,True
197,llama13bmatvecbf16,hipblaslt,5120,1,5120,bf16,T,N,16.65769,0.9996095275283092,3.1474232021366713,True
198,llama70bskinny,hipblaslt,5120,16,8192,fp16,T,N,32.62675,15.919160513019822,41.137326886680405,True
199,llama70bskinnybf16,hipblaslt,8192,2,14336,bf16,T,N,51.02976,1.9992329951539238,9.205648782200818,True
200,llama70bskinny,hipblaslt,8192,16,28672,fp16,T,N,141.64378,15.959922070693015,53.064051015865296,True
201,gpt4memory,hipblaslt,2048,16,8192,fp16,N,N,12.514040000000001,15.845261121856867,42.901486010912535,True
202,llama70bskinnybf16,hipblaslt,57344,2,8192,bf16,T,N,278.58588000000003,1.999442119944212,6.744951294731806,True
203,llama70bskinnybf16,hipblaslt,2560,2,8192,bf16,T,N,13.915040000000001,1.9979513194478318,6.028446917867285,True
204,llama13bskinnybf16,hipblaslt,4000,4,5120,bf16,T,N,16.66956,3.992887668839879,9.82869373876695,True
205,llama70bskinny,hipblaslt,8192,8,8192,fp16,T,N,30.29966,7.984405458089668,35.437421542023905,True
206,llama70bskinny,hipblaslt,16000,2,8192,fp16,T,N,57.26303,1.9992619911790375,9.155785154924565,True
207,llama70bskinny,hipblaslt,8192,4,3584,fp16,T,N,14.10501,3.9935928685841633,16.652311767237315,True
208,llama13bskinny,hipblaslt,3840,16,5120,fp16,T,N,17.560029999999998,15.884177869700103,35.82827591980197,True
209,llama70bskinny,hipblaslt,14336,16,8192,fp16,T,N,45.31888,15.95104311543811,82.92562358116528,True
210,unet,hipblaslt,2048,1280,5120,fp16,N,N,71.47489999999999,682.6666666666666,375.56604626239425,True
211,llama13bskinnybf16,hipblaslt,1920,32,5120,bf16,T,N,15.992799999999999,31.283095723014256,39.33930268620879,True
212,llama13bskinnybf16,hipblaslt,5120,4,5120,bf16,T,N,17.0495,3.9937597503900157,12.300372444939734,True
213,llama13bskinny,hipblaslt,3456,4,5120,fp16,T,N,16.360870000000002,3.9922603748519943,8.652214704963733,True
214,llama70bskinnybf16,hipblaslt,10240,16,8192,bf16,T,N,47.83594,15.943947061113274,56.115852641340375,True
215,llama13bmatvecbf16,hipblaslt,5120,1,6912,bf16,T,N,20.979419999999998,0.9996601271269172,3.3737291116722963,True
216,llama70bskinny,hipblaslt,8192,8,3584,fp16,T,N,14.164370000000002,7.974412460019469,33.16505061644111,True
217,llama13bskinny,hipblaslt,5120,16,3456,fp16,T,N,12.68026,15.876880670724704,44.65452916580575,True
218,llama70bskinny,hipblaslt,8000,16,8192,fp16,T,N,32.11621,15.936999050627985,65.29886309748255,True
219,llama70bmatvec,hipblaslt,28672,1,8192,fp16,T,N,137.88007000000002,0.9998430770840235,3.4070337214073065,True
220,llama70bskinnybf16,hipblaslt,10240,4,8192,bf16,T,N,46.77925,3.9964874621914332,14.345861466355275,True
221,llama13bskinnybf16,hipblaslt,15360,4,5120,bf16,T,N,42.44564,3.995837669094693,14.822384584141036,True
222,llama13bskinny,hipblaslt,5120,4,3456,fp16,T,N,12.41906,3.9922603748519943,11.398427900340284,True
223,llama70bskinnybf16,hipblaslt,8192,32,3584,bf16,T,N,14.40184,31.594490358126723,130.47278625508963,True
224,unet,hipblaslt,128,1280,2048,bf16,T,N,7.931100000000001,110.10752688172043,84.61482518187891,True
225,llama70bskinny,hipblaslt,8192,2,7168,fp16,T,N,24.897479999999998,1.9989542301390875,9.433927610344501,True
226,llama70bskinnybf16,hipblaslt,28672,32,8192,bf16,T,N,137.79695999999998,31.840088839533593,109.09083579202328,True
227,gpt4memory,hipblaslt,2048,16,65536,fp16,N,N,52.28828,15.872124000968757,82.14015255426264,True
228,llama70bskinnybf16,hipblaslt,8192,4,1024,bf16,T,N,6.50635,3.982498784637822,10.314364274900674,True
229,llama13bskinnybf16,hipblaslt,7680,4,5120,bf16,T,N,26.9515,3.9947984395318596,11.671810474370629,True
230,llama70bmatvecbf16,hipblaslt,57344,1,8192,bf16,T,N,278.43154,0.9998605105314549,3.3743450759924682,True
231,llama70bmatvec,hipblaslt,8192,1,1024,fp16,T,N,6.42324,0.9989025728569687,2.6119553371818585,True
232,llama13bskinnybf16,hipblaslt,32000,8,5120,bf16,T,N,115.20281,7.985526233701417,22.755000507366095,True
233,llama70bskinnybf16,hipblaslt,8192,2,3584,bf16,T,N,13.92692,1.9983969332636349,8.432626309334728,True
234,llama70bskinny,hipblaslt,10240,8,8192,fp16,T,N,48.38209,7.985962175862741,27.741200927864007,True
235,llama13bskinny,hipblaslt,16000,16,5120,fp16,T,N,33.32725,15.934271131582223,78.65755500378819,True
236,unet,hipblaslt,2048,1280,5120,bf16,N,T,78.08811,682.6666666666666,343.759704262275,True
237,llama13bskinnybf16,hipblaslt,13824,32,5120,bf16,T,N,42.63561,31.728253385356897,106.24565521637898,True
238,compute,hipblaslt,4096,4096,8192,bf16,T,N,348.63603,1638.4,788.4380364932448,True
239,llama13bskinnybf16,hipblaslt,1920,16,5120,bf16,T,N,15.07859,15.818743563336767,20.862215896844464,True
240,llama13bmatvec,hipblaslt,13824,1,5120,fp16,T,N,27.61639,0.9997324211546389,5.125860403912315,True
241,llama70bskinny,hipblaslt,8192,16,3584,fp16,T,N,14.19999,15.897976157471582,66.1637153265601,True
242,llama13bskinnybf16,hipblaslt,5120,4,3456,bf16,T,N,12.34783,3.9922603748519943,11.46418115571724,True
243,llama70bmatvec,hipblaslt,7168,1,8192,fp16,T,N,27.71137,0.9997384891647344,4.2379901101966455,True
244,llama13bskinnybf16,hipblaslt,3456,4,5120,bf16,T,N,16.23027,3.9922603748519943,8.721836420466202,True
245,llama13bskinny,hipblaslt,3840,32,5120,fp16,T,N,17.88059,31.540041067761805,70.37190607245061,True
246,llama13bskinny,hipblaslt,1920,32,5120,fp16,T,N,15.75534,31.283095723014256,39.93221345905578,True
247,llama70bskinny,hipblaslt,28672,16,8192,fp16,T,N,138.18876,15.959922070693015,54.39076787431916,True
248,llama70bskinnybf16,hipblaslt,57344,8,8192,bf16,T,N,278.41965999999996,7.9910813823857305,26.99591245819351,True
249,llama70bmatvecbf16,hipblaslt,5120,1,8192,bf16,T,N,23.11655,0.9996827178873893,3.628832157047656,True
250,llama70bskinny,hipblaslt,8192,4,1024,fp16,T,N,6.6844399999999995,3.982498784637822,10.039564122050614,True
251,llama13bmatvecbf16,hipblaslt,6912,1,5120,bf16,T,N,17.38193,0.9996601271269172,4.071980499288629,True
252,llama70bskinnybf16,hipblaslt,8192,32,4096,bf16,T,N,17.52441,31.62934362934363,122.54242214145869,True
253,llama13bskinny,hipblaslt,5120,2,5120,fp16,T,N,16.69331,1.9984387197501952,6.2814145307311735,True
254,llama70bskinnybf16,hipblaslt,8192,16,8192,bf16,T,N,39.64364,15.937743190661479,54.169688958935154,True
255,llama13bskinny,hipblaslt,15360,32,5120,fp16,T,N,42.86119,31.735537190082646,117.42942274817848,True
256,llama13bskinnybf16,hipblaslt,8000,32,5120,bf16,T,N,19.317220000000002,31.67532788913635,135.70482709209708,True
257,llama70bskinnybf16,hipblaslt,16000,2,8192,bf16,T,N,57.04931,1.9992619911790375,9.190084858169188,True
258,llama70bskinnybf16,hipblaslt,14336,16,8192,bf16,T,N,52.15768,15.95104311543811,72.05259865852929,True
259,compute,hipblaslt,4096,4096,8192,fp16,T,T,2754.91806,1638.4,99.77716249898191,True
260,llama13bskinny,hipblaslt,6912,2,5120,fp16,T,N,17.50066,1.998640970404962,8.088709797230504,True
261,llama70bmatvec,hipblaslt,8000,1,8192,fp16,T,N,28.36438,0.999752990716161,4.621007051802295,True
262,llama70bskinnybf16,hipblaslt,1280,8,8192,bf16,T,N,10.25819,7.942602288152027,16.35494760771637,True
263,unet,hipblaslt,2048,1280,1280,bf16,N,N,22.5229,487.6190476190476,297.9583623778465,True
264,llama70bmatvec,hipblaslt,8192,1,28672,fp16,T,N,147.86519,0.9998430770840235,3.1769617176294163,True
265,llama70bskinnybf16,hipblaslt,8192,4,7168,bf16,T,N,25.586119999999998,3.995819106682461,18.360034581249522,True
266,llama70bskinnybf16,hipblaslt,7168,4,8192,bf16,T,N,30.9408,3.995819106682461,15.182608335918916,True
267,llama13bmatvecbf16,hipblaslt,1920,1,5120,bf16,T,N,14.579930000000001,0.999284366664498,1.3484838404573958,True
268,llama13bmatvecbf16,hipblaslt,27648,1,5120,bf16,T,N,60.136269999999996,0.9997685720897941,4.707899575414305,True
269,llama70bskinnybf16,hipblaslt,8192,8,7168,bf16,T,N,25.88293,7.983293888347487,36.298985315804664,True
270,llama70bmatvecbf16,hipblaslt,8192,1,7168,bf16,T,N,24.90936,0.9997384891647344,4.714714147613588,True
271,llama70bmatvecbf16,hipblaslt,8192,1,14336,bf16,T,N,50.542970000000004,0.9998082120129022,4.647155163220523,True
272,llama13bskinny,hipblaslt,15360,4,5120,fp16,T,N,42.69497,3.995837669094693,14.73582485243578,True
273,llama70bmatvec,hipblaslt,8192,1,8192,fp16,T,N,29.74163,0.9997559189650964,4.512789917701215,True
274,llama13bskinnybf16,hipblaslt,5120,8,2560,bf16,T,N,10.04448,7.962674961119752,20.87865175698493,True
275,llama70bskinny,hipblaslt,4000,2,8192,fp16,T,N,22.9622,1.9985128254170237,5.708163851895725,True
276,unet,hipblaslt,2048,1280,5120,fp16,T,N,71.54614,682.6666666666666,375.1920872320995,True
277,llama70bskinny,hipblaslt,8192,8,1024,fp16,T,N,6.85067,7.930300096805421,19.591912615846333,True
278,llama13bskinny,hipblaslt,5120,8,5120,fp16,T,N,17.16822,7.975077881619938,24.430628218883495,True
279,llama13bmatvec,hipblaslt,5120,1,640,fp16,T,N,6.17391,0.9982452719828426,1.0614991148235073,True
280,llama70bskinny,hipblaslt,8192,8,4096,fp16,T,N,17.57191,7.976630963972736,30.552792041388788,True
281,llama13bskinnybf16,hipblaslt,27648,4,5120,bf16,T,N,60.63494,3.996299722479186,18.676724673925627,True
282,llama13bmatvecbf16,hipblaslt,5120,1,640,bf16,T,N,5.99582,0.9982452719828426,1.0930281429395814,True
283,llama13bskinnybf16,hipblaslt,5120,4,6912,bf16,T,N,21.24063,3.9945675730343573,13.328960581677663,True
284,llama13bmatvec,hipblaslt,6912,1,5120,fp16,T,N,17.38193,0.9996601271269172,4.071980499288629,True
285,llama70bmatvecbf16,hipblaslt,1280,1,8192,bf16,T,N,10.32943,0.9990974949386541,2.03026885317002,True
286,llama13bskinnybf16,hipblaslt,3456,32,5120,bf16,T,N,17.239459999999998,31.511283337132436,65.69011326340849,True
287,llama70bskinny,hipblaslt,5120,4,8192,fp16,T,N,24.35133,3.9949283136642935,13.779301582295505,True
288,llama70bmatvec,hipblaslt,32000,1,8192,fp16,T,N,152.1513,0.9998467031910147,3.4458331936697224,True
289,llama70bskinny,hipblaslt,8192,16,1024,fp16,T,N,7.39682,15.723608445297504,36.290656795758174,True
290,llama70bmatvec,hipblaslt,8192,1,4096,fp16,T,N,23.03344,0.999633923123856,2.9135406608826124,True
291,llama13bskinnybf16,hipblaslt,5120,4,13824,bf16,T,N,30.442130000000002,3.9957221724426972,18.600243806855826,True
292,llama70bskinny,hipblaslt,14336,4,8192,fp16,T,N,52.90567,3.9969331567575104,17.75847647331562,True
293,llama13bmatvec,hipblaslt,5120,1,1280,fp16,T,N,6.494479999999999,0.9990243902439024,2.0182062305219204,True
294,llama13bmatvec,hipblaslt,32000,1,5120,fp16,T,N,111.45098,0.9997734888189395,2.9401266817034717,True
295,gpt4compute,hipblaslt,8192,2048,8192,fp16,N,N,329.16447,1365.3333333333333,835.0776951838089,True
296,unet,hipblaslt,8192,5120,640,fp16,N,T,107.34295,531.9480519480519,500.1454795121617,True
297,llama13bskinnybf16,hipblaslt,5120,2,6912,bf16,T,N,21.205009999999998,1.998640970404962,6.67567522958018,True
298,llama13bskinny,hipblaslt,27648,8,5120,fp16,T,N,62.03593,7.985212569316081,36.509876776248866,True
299,llama13bskinnybf16,hipblaslt,15360,2,5120,bf16,T,N,42.44565,1.9989588755856325,7.411190546027684,True
300,llama70bskinny,hipblaslt,8000,4,8192,fp16,T,N,32.53177,3.996050777942112,16.11618427155977,True
301,llama70bskinnybf16,hipblaslt,10240,32,8192,bf16,T,N,38.08829,31.77657098525989,140.95432270653262,True
302,unet,hipblaslt,2048,1280,1280,fp16,T,N,23.733939999999997,487.6190476190476,282.7548396937045,True
303,llama13bskinny,hipblaslt,5120,8,3456,fp16,T,N,12.46655,7.969101285524874,22.710013596383924,True
304,unet,hipblaslt,2048,10240,1280,bf16,N,T,97.59528999999999,731.4285714285714,550.0992025332371,True
305,llama70bskinny,hipblaslt,8192,32,2048,fp16,T,N,10.69749,31.386973180076627,100.3732486779609,True
306,llama70bskinny,hipblaslt,10240,16,8192,fp16,T,N,49.153839999999995,15.943947061113274,54.6112889654196,True
307,llama13bskinny,hipblaslt,32000,2,5120,fp16,T,N,111.39161999999999,1.9990941604585422,5.8833869190519,True
308,llama70bmemory,hipblaslt,2,1280,8192,bf16,N,T,10.566889999999999,1.9963932348783935,3.9692889771730377,True
309,llama13bskinny,hipblaslt,5120,4,6912,fp16,T,N,21.31187,3.9945675730343573,13.284405357202347,True
310,unet,hipblaslt,128,1280,2048,fp16,N,N,10.15133,110.10752688172043,66.10844490327868,True
311,llama70bskinnybf16,hipblaslt,8192,2,4096,bf16,T,N,18.91354,1.9985362283483776,7.0963832259851936,True
312,llama13bskinnybf16,hipblaslt,5120,8,6912,bf16,T,N,21.60869,7.978299763375079,26.203857799801842,True
313,llama70bskinny,hipblaslt,8000,32,8192,fp16,T,N,34.82324,31.748984590580722,120.4455415406493,True
314,llama13bmatvec,hipblaslt,3840,1,5120,fp16,T,N,16.408360000000002,0.9995444784277998,2.3964369382436757,True
315,gpt4compute,hipblaslt,8192,8192,1024,fp16,N,N,214.00915,819.2,642.2106413300553,True
316,llama13bmatvecbf16,hipblaslt,7680,1,5120,bf16,T,N,27.022740000000002,0.9996745850959974,2.910260025445236,True
317,llama13bskinnybf16,hipblaslt,3456,2,5120,bf16,T,N,16.01655,1.9980632199690693,4.419108984144526,True
318,llama13bskinnybf16,hipblaslt,27648,2,5120,bf16,T,N,60.20751,1.999074502545118,9.404657990340409,True
319,llama13bskinny,hipblaslt,5120,16,6912,fp16,T,N,21.91738,15.913433866697364,51.66959189465164,True
320,llama70bskinny,hipblaslt,16000,4,8192,fp16,T,N,58.58092,3.997049053628376,17.89961646215184,True
321,llama70bskinny,hipblaslt,32000,8,8192,fp16,T,N,153.55231,7.990199520900146,27.315147522039883,True
322,llama13bmatvec,hipblaslt,1920,1,5120,fp16,T,N,14.84113,0.999284366664498,1.3247508781339425,True
323,llama13bmatvec,hipblaslt,5120,1,2560,fp16,T,N,9.177760000000001,0.999414405621706,2.8562960896776555,True
324,llama13bskinny,hipblaslt,4000,2,5120,fp16,T,N,16.32525,1.998220335014128,5.017993598872911,True
325,llama13bskinny,hipblaslt,5120,2,13824,fp16,T,N,30.75083,1.9989299709356971,9.206760272812149,True
326,llama70bmemory,hipblaslt,2,7168,8192,bf16,N,T,27.4739,1.9989542301390875,8.549242153462012,True
327,llama70bskinny,hipblaslt,8000,8,8192,fp16,T,N,29.63478,7.98421869274013,35.38328949970272,True
328,llama13bskinnybf16,hipblaslt,3840,16,5120,bf16,T,N,17.47692,15.884177869700103,35.99865422511518,True
329,llama13bskinny,hipblaslt,4000,16,5120,fp16,T,N,17.37007,15.886806503661413,37.729266491154036,True
330,llama13bskinnybf16,hipblaslt,6912,4,5120,bf16,T,N,17.63127,3.9945675730343573,16.057579516393318,True
331,llama70bskinny,hipblaslt,57344,4,8192,fp16,T,N,279.34575,3.9977691020635806,13.453207661115302,True
332,llama70bskinny,hipblaslt,16000,16,8192,fp16,T,N,58.04664,15.952889124304788,72.25748122544216,True
333,llama13bskinnybf16,hipblaslt,6912,8,5120,bf16,T,N,17.72625,7.978299763375079,31.943081023905226,True
334,llama70bskinny,hipblaslt,1280,16,8192,fp16,T,N,10.47191,15.772044666923373,32.042322747235225,True
335,llama13bskinnybf16,hipblaslt,5120,8,1728,bf16,T,N,10.460030000000001,7.950767815034221,13.533207839748068,True
336,llama13bmatvec,hipblaslt,5120,1,6912,fp16,T,N,20.9913,0.9996601271269172,3.3718197538980434,True
337,llama13bskinny,hipblaslt,5120,8,13824,fp16,T,N,31.27324,7.982906970029451,36.21185652653834,True
338,llama70bskinny,hipblaslt,4000,32,8192,fp16,T,N,26.76153,31.623482906642785,78.36442834172784,True
339,llama70bskinnybf16,hipblaslt,8192,8,14336,bf16,T,N,52.502,7.987742025351721,35.790030703592244,True
340,gpt4memory,hipblaslt,2048,16,1024,fp16,N,N,5.88896,15.633587786259541,11.395707221648644,True
341,llama13bskinnybf16,hipblaslt,5120,4,1728,bf16,T,N,10.17508,3.9876539648657223,6.956100590855306,True
342,llama13bskinnybf16,hipblaslt,4000,2,5120,bf16,T,N,16.15903,1.998220335014128,5.069611232852467,True
343,llama70bskinnybf16,hipblaslt,8192,32,7168,bf16,T,N,30.406509999999997,31.73436635307139,123.595124333572,True
344,llama70bskinny,hipblaslt,16000,32,8192,fp16,T,N,55.58895,31.812109726925346,150.90423546406257,True
345,llama13bskinny,hipblaslt,13824,8,5120,fp16,T,N,28.02006,7.982906970029451,40.416119023299736,True
346,llama13bskinny,hipblaslt,5120,4,13824,fp16,T,N,30.632099999999998,3.9957221724426972,18.484891339477215,True
347,llama13bskinny,hipblaslt,5120,2,1280,fp16,T,N,6.482600000000001,1.996101364522417,4.043809582574893,True
348,gpt4memory,hipblaslt,8192,16,1024,fp16,N,N,9.56956,15.723608445297504,28.05097162251974,True
349,llama13bmatvec,hipblaslt,3456,1,5120,fp16,T,N,15.98094,0.9995155704338898,2.2144779969138235,True
350,llama13bskinny,hipblaslt,3456,16,5120,fp16,T,N,16.81204,15.876880670724704,33.680091172754764,True
351,unet,hipblaslt,8192,5120,640,fp16,T,N,114.98911,531.9480519480519,466.88848361379615,True
352,llama70bmatvecbf16,hipblaslt,10240,1,8192,bf16,T,N,46.50618,0.9997803217066562,3.6075239892848647,True
353,llama70bskinnybf16,hipblaslt,28672,4,8192,bf16,T,N,143.73341,3.9974904147786687,13.073148351521057,True
354,llama13bskinny,hipblaslt,5120,16,13824,fp16,T,N,31.05953,15.931773654488879,72.9220358453589,True
355,llama13bskinnybf16,hipblaslt,5120,2,13824,bf16,T,N,30.47776,1.9989299709356971,9.289249603645413,True
356,unet,hipblaslt,2048,10240,1280,fp16,N,T,98.96068,731.4285714285714,542.5093198632023,True
357,llama13bskinny,hipblaslt,5120,32,6912,fp16,T,N,22.427919999999997,31.655598809251202,100.98681286539279,True
358,llama70bmatvecbf16,hipblaslt,8192,1,4096,bf16,T,N,23.520229999999998,0.999633923123856,2.8532401256280235,True
359,llama70bskinny,hipblaslt,57344,2,8192,fp16,T,N,279.07268,1.999442119944212,6.733185749318063,True
360,llama13bskinny,hipblaslt,32000,32,5120,fp16,T,N,100.76536,31.769669893273765,104.06115752476843,True
361,llama13bskinny,hipblaslt,27648,16,5120,fp16,T,N,63.15199,15.940959409594097,71.72930449222582,True
362,llama13bmatvec,hipblaslt,4000,1,5120,fp16,T,N,16.18278,0.9995548857149551,2.531085511883619,True
363,llama70bmatvec,hipblaslt,14336,1,8192,fp16,T,N,45.59197,0.9998082120129022,5.151806864235083,True
364,llama13bskinny,hipblaslt,6912,32,5120,fp16,T,N,18.4505,31.655598809251202,122.75679033088532,True
365,llama13bskinnybf16,hipblaslt,7680,2,5120,bf16,T,N,26.92775,1.9986987638256344,5.84105244589689,True
366,llama13bmatvec,hipblaslt,27648,1,5120,fp16,T,N,59.649480000000004,0.9997685720897941,4.746320001448462,True
367,llama70bskinny,hipblaslt,7168,8,8192,fp16,T,N,26.963369999999998,7.983293888347487,34.84446105957824,True
368,unet,hipblaslt,128,1280,2048,fp16,T,N,7.99046,110.10752688172043,83.98623358354838,True
369,llama13bskinnybf16,hipblaslt,5120,8,640,bf16,T,N,5.9958100000000005,7.889060092449923,8.74423972740964,True
370,llama13bskinnybf16,hipblaslt,5120,32,3456,bf16,T,N,13.15518,31.511283337132436,86.08487911225845,True
371,unet,hipblaslt,2048,10240,1280,fp16,T,T,452.71395,731.4285714285714,118.58943423325039,True
372,llama13bskinnybf16,hipblaslt,27648,16,5120,bf16,T,N,62.81955,15.940959409594097,72.10889476285648,True
373,llama13bskinnybf16,hipblaslt,5120,8,13824,bf16,T,N,30.91705,7.982906970029451,36.62904707920064,True
374,unet,hipblaslt,2048,1280,5120,bf16,N,N,71.73610000000001,682.6666666666666,374.19856390297207,True
375,llama13bskinnybf16,hipblaslt,5120,16,13824,bf16,T,N,31.14263,15.931773654488879,72.7274530121573,True
376,llama13bmatvec,hipblaslt,16000,1,5120,fp16,T,N,33.3035,0.9997422539501535,4.919603044725029,True
377,llama13bskinny,hipblaslt,7680,32,5120,fp16,T,N,27.082099999999997,31.670103092783506,92.92419716344007,True
378,llama70bskinny,hipblaslt,4000,4,8192,fp16,T,N,23.31839,3.9940557217578525,11.241942518329955,True
379,gpt4memory,hipblaslt,16,2048,1024,fp16,N,N,6.660699999999999,15.633587786259541,10.07534703559686,True
380,llama13bskinny,hipblaslt,13824,16,5120,fp16,T,N,28.13879,15.931773654488879,80.49117108447093,True
381,llama13bskinnybf16,hipblaslt,5120,8,5120,bf16,T,N,17.09699,7.975077881619938,24.53241184559387,True
382,llama13bskinnybf16,hipblaslt,8000,8,5120,bf16,T,N,18.28427,7.979552396982732,35.842831023606635,True
383,llama13bskinnybf16,hipblaslt,5120,16,640,bf16,T,N,6.01957,15.562310030395137,17.4194502265112,True
384,llama13bskinnybf16,hipblaslt,32000,16,5120,bf16,T,N,119.47706,15.942209490596587,43.88189665865565,True
385,llama70bskinny,hipblaslt,16000,8,8192,fp16,T,N,60.27875,7.988204916178455,34.79090060759389,True
386,llama13bskinnybf16,hipblaslt,5120,2,5120,bf16,T,N,16.66956,1.9984387197501952,6.290363992810848,True
387,llama70bskinnybf16,hipblaslt,8192,4,3584,bf16,T,N,14.04565,3.9935928685841633,16.72268809204273,True
388,unet,hipblaslt,2048,10240,1280,fp16,N,N,93.64161999999999,731.4285714285714,573.3251005268812,True
389,llama13bskinny,hipblaslt,3456,32,5120,fp16,T,N,17.35819,31.511283337132436,65.24079296286075,True
390,llama70bskinny,hipblaslt,8000,2,8192,fp16,T,N,32.59113,1.9990122068587202,8.043415493724826,True
391,llama13bskinnybf16,hipblaslt,3840,32,5120,bf16,T,N,17.856849999999998,31.540041067761805,70.46546283359048,True
392,llama70bskinny,hipblaslt,8192,8,28672,fp16,T,N,160.73542,7.989967953183782,23.380636228156803,True
393,llama13bskinny,hipblaslt,3456,8,5120,fp16,T,N,16.25401,7.969101285524874,17.418195263814898,True
394,llama13bskinny,hipblaslt,5120,32,640,fp16,T,N,6.17391,30.29585798816568,33.967971674352235,True
395,llama13bskinny,hipblaslt,16000,2,5120,fp16,T,N,32.614869999999996,1.998969281464245,10.046950976655742,True
396,llama70bskinny,hipblaslt,7168,2,8192,fp16,T,N,26.868389999999998,1.9989542301390875,8.741909135605074,True
397,llama13bskinnybf16,hipblaslt,32000,4,5120,bf16,T,N,112.25833999999999,3.9963782821817726,11.675925369999236,True
398,llama13bskinny,hipblaslt,15360,8,5120,fp16,T,N,42.46939,7.983367983367984,29.628191033589136,True
399,llama13bskinny,hipblaslt,3840,2,5120,fp16,T,N,16.50334,1.9981787433328997,4.76528993524947,True
400,llama70bmatvecbf16,hipblaslt,8192,1,1024,bf16,T,N,6.37575,0.9989025728569687,2.631410579147551,True
401,llama13bskinnybf16,hipblaslt,4000,32,5120,bf16,T,N,17.18009,31.550406704461423,76.2929647050743,True
402,llama13bskinny,hipblaslt,1920,4,5120,fp16,T,N,15.0311,3.9885743962607116,5.232032253128513,True
403,llama13bskinny,hipblaslt,8000,16,5120,fp16,T,N,18.79482,15.918418107200598,69.73836408116705,True
404,llama13bskinnybf16,hipblaslt,5120,16,1280,bf16,T,N,6.30452,15.753846153846155,33.2642611967287,True
405,llama70bskinny,hipblaslt,1280,4,8192,fp16,T,N,10.44816,3.985598910187798,8.028789758196659,True
406,llama13bskinny,hipblaslt,6912,16,5120,fp16,T,N,17.99933,15.913433866697364,62.91690190690431,True
407,llama13bskinny,hipblaslt,3840,8,5120,fp16,T,N,16.71705,7.970939283860924,18.817482749647816,True
408,llama70bskinnybf16,hipblaslt,8000,4,8192,bf16,T,N,32.816720000000004,3.996050777942112,15.97624625495784,True
409,llama70bskinny,hipblaslt,8192,4,7168,fp16,T,N,25.44364,3.995819106682461,18.462847611426668,True
410,llama70bmatvec,hipblaslt,8192,1,14336,fp16,T,N,50.42424,0.9998082120129022,4.6580974547162235,True
411,gpt4compute,hipblaslt,2048,2048,8192,fp16,N,N,113.31502,910.2222222222222,606.4463187316209,True
412,llama70bskinny,hipblaslt,28672,2,8192,fp16,T,N,143.6978,1.999372406819846,6.538194015496409,True
413,llama70bskinnybf16,hipblaslt,2560,32,8192,bf16,T,N,23.31839,31.483474250576478,57.55874569384936,True
414,llama13bmatvec,hipblaslt,5120,1,3456,fp16,T,N,12.14598,0.9995155704338898,2.9136751418988007,True
415,llama13bskinnybf16,hipblaslt,27648,32,5120,bf16,T,N,67.21253,31.764705882352942,134.7917812348382,True
416,llama70bskinnybf16,hipblaslt,8192,16,2048,bf16,T,N,9.56957,15.845261121856867,56.1018846196851,True
417,unet,hipblaslt,2048,1280,5120,fp16,N,T,77.62507000000001,682.6666666666666,345.810259494774,True
418,llama70bskinnybf16,hipblaslt,4000,32,8192,bf16,T,N,27.77073,31.623482906642785,75.51663207989131,True
419,llama13bmatvec,hipblaslt,5120,1,13824,fp16,T,N,30.418380000000003,0.9997324211546389,4.653691616713315,True
420,llama70bskinnybf16,hipblaslt,8192,8,3584,bf16,T,N,14.116879999999998,7.974412460019469,33.276619763007126,True
421,unet,hipblaslt,2048,10240,1280,bf16,T,T,453.50943,731.4285714285714,118.38142196954979,True
422,llama13bskinny,hipblaslt,5120,4,2560,fp16,T,N,9.47458,3.990646921278254,11.067255751706146,True
423,llama13bmatvecbf16,hipblaslt,5120,1,1728,bf16,T,N,9.92575,0.9992265824340246,1.7827086114399415,True
424,llama13bmatvecbf16,hipblaslt,15360,1,5120,bf16,T,N,42.48126,0.9997396511325176,3.702489050466017,True
425,unet,hipblaslt,2048,1280,1280,bf16,T,N,23.72207,487.6190476190476,282.8963239717276,True
426,llama13bskinnybf16,hipblaslt,3840,8,5120,bf16,T,N,18.09431,7.970939283860924,17.38517799241861,True
427,llama13bskinnybf16,hipblaslt,5120,32,1728,bf16,T,N,10.81622,31.2265642647391,52.350177788543505,True
428,llama70bskinny,hipblaslt,8192,32,3584,fp16,T,N,14.67491,31.594490358126723,128.04495509682855,True
429,llama70bskinnybf16,hipblaslt,8000,32,8192,bf16,T,N,33.87341000000001,31.748984590580722,123.82290415992955,True
430,llama70bskinny,hipblaslt,32000,16,8192,fp16,T,N,167.74044,15.960846049534736,50.009455084295716,True
431,unet,hipblaslt,8192,5120,640,bf16,T,N,115.74897,531.9480519480519,463.8234897468202,True
432,llama70bskinny,hipblaslt,8192,16,8192,fp16,T,N,39.501160000000006,15.937743190661479,54.36507808884599,True
433,llama70bskinnybf16,hipblaslt,8192,8,1024,bf16,T,N,6.64883,7.930300096805421,20.186668631924714,True
434,llama13bskinny,hipblaslt,5120,16,1728,fp16,T,N,10.756860000000001,15.804275751686292,26.319531908010326,True
435,unet,hipblaslt,2048,10240,1280,bf16,T,N,119.02589,731.4285714285714,451.05389424099246,True
436,llama70bskinnybf16,hipblaslt,8192,4,28672,bf16,T,N,169.08207000000002,3.9974904147786687,11.113231533065568,True
437,llama13bskinny,hipblaslt,5120,32,13824,fp16,T,N,39.86922,31.728253385356897,113.61768100805585,True
438,llama70bskinnybf16,hipblaslt,8192,8,2048,bf16,T,N,10.436290000000001,7.961127308066083,25.721348870144464,True
439,llama70bskinnybf16,hipblaslt,8192,32,1024,bf16,T,N,13.178930000000001,30.91320754716981,40.737063782871594,True
440,llama13bskinnybf16,hipblaslt,3840,4,5120,bf16,T,N,16.7408,3.9927216012477253,9.395393290643218,True
441,llama13bskinny,hipblaslt,27648,4,5120,fp16,T,N,60.14815,3.996299722479186,18.827878829190922,True
442,llama13bmatvecbf16,hipblaslt,5120,1,2560,bf16,T,N,9.77141,0.999414405621706,2.6827653327411296,True
443,llama70bskinny,hipblaslt,8192,4,28672,fp16,T,N,169.2008,3.9974904147786687,11.105433260362835,True
444,llama70bskinnybf16,hipblaslt,32000,2,8192,bf16,T,N,167.96602,1.9993869067492975,6.242786487409775,True
445,llama70bmatvec,hipblaslt,8192,1,7168,fp16,T,N,24.82625,0.9997384891647344,4.730497437188459,True
446,llama70bskinny,hipblaslt,32000,32,8192,fp16,T,N,177.5712,31.843766520508755,94.48162765133085,True
447,unet,hipblaslt,2048,1280,5120,fp16,T,T,231.93724,682.6666666666666,115.73624658118723,True
448,llama13bskinnybf16,hipblaslt,5120,2,3456,bf16,T,N,12.312209999999999,1.9980632199690693,5.74867387739488,True
449,unet,hipblaslt,128,1280,2048,bf16,N,T,12.1816,110.10752688172043,55.090352663032775,True
450,llama70bskinny,hipblaslt,57344,32,8192,fp16,T,N,273.27871000000005,31.857777777777777,110.01505046624376,True
451,llama13bskinny,hipblaslt,32000,16,5120,fp16,T,N,119.69078,15.942209490596587,43.8035410914692,True
452,llama13bmatvecbf16,hipblaslt,13824,1,5120,bf16,T,N,27.652,0.9997324211546389,5.119259366411109,True
453,gpt4compute,hipblaslt,8192,8192,8192,fp16,N,N,1278.87834,2730.6666666666665,859.7468526802949,True
454,llama70bskinnybf16,hipblaslt,8192,32,2048,bf16,T,N,10.48377,31.386973180076627,102.4194372825806,True
455,llama13bmatvec,hipblaslt,7680,1,5120,fp16,T,N,26.9515,0.9996745850959974,2.917952618592657,True
456,gpt4compute,hipblaslt,2048,8192,1024,fp16,N,N,63.49631,630.1538461538462,541.1296871896966,True
457,llama13bmatvecbf16,hipblaslt,5120,1,1280,bf16,T,N,6.32826,0.9990243902439024,2.0712170486041974,True
458,llama70bskinnybf16,hipblaslt,16000,32,8192,bf16,T,N,58.66403,31.812109726925346,142.99406297180744,True
459,gpt4compute,hipblaslt,8192,2048,65536,fp16,N,N,2699.74479,1598.439024390244,814.5300488021313,True
460,llama13bskinny,hipblaslt,5120,4,1280,fp16,T,N,6.72006,3.9844357976653697,7.801835102662774,True
461,llama70bskinnybf16,hipblaslt,8192,2,28672,bf16,T,N,167.56234,1.999372406819846,5.607012267792393,True
462,llama70bmatvec,hipblaslt,57344,1,8192,fp16,T,N,279.39326,0.9998605105314549,3.3627299957056946,True
463,llama70bskinny,hipblaslt,10240,4,8192,fp16,T,N,34.253339999999994,3.9964874621914332,19.591918335555015,True
464,llama70bskinny,hipblaslt,4000,8,8192,fp16,T,N,23.85268,7.976258169043706,21.980255468148655,True
465,llama70bskinny,hipblaslt,8192,2,4096,fp16,T,N,19.115380000000002,1.9985362283483776,7.0214522546766,True
466,llama13bskinnybf16,hipblaslt,5120,16,6912,bf16,T,N,21.88177,15.913433866697364,51.753678061692455,True
467,llama70bskinnybf16,hipblaslt,14336,2,8192,bf16,T,N,45.55635,1.9992329951539238,10.311670008681556,True
468,llama70bmatvecbf16,hipblaslt,8192,1,3584,bf16,T,N,13.95066,0.9995990726375791,4.209138205647618,True
469,llama70bskinny,hipblaslt,28672,4,8192,fp16,T,N,156.93609,3.9974904147786687,11.973333807411667,True
470,llama13bskinny,hipblaslt,7680,16,5120,fp16,T,N,26.998990000000003,15.917098445595855,46.60512115453207,True
471,llama13bskinny,hipblaslt,4000,32,5120,fp16,T,N,17.144479999999998,31.550406704461423,76.45142926469629,True
472,llama13bskinnybf16,hipblaslt,5120,2,640,bf16,T,N,6.078930000000001,1.9929933826391593,2.1561689310454306,True
473,llama70bskinnybf16,hipblaslt,8192,4,14336,bf16,T,N,51.56404,3.9969331567575104,18.220529190497874,True
474,llama70bskinnybf16,hipblaslt,16000,8,8192,bf16,T,N,59.055839999999996,7.988204916178455,35.51133977604925,True
475,llama13bskinnybf16,hipblaslt,4000,8,5120,bf16,T,N,16.88328,7.971601170828922,19.408550945077025,True
476,gpt4memory,hipblaslt,16,2048,8192,fp16,N,N,11.43361,15.845261121856867,46.95550329248593,True
477,llama70bskinny,hipblaslt,1280,2,8192,fp16,T,N,10.35317,1.9963932348783935,4.051226822316257,True
478,llama70bskinny,hipblaslt,8192,32,7168,fp16,T,N,30.97641,31.73436635307139,121.32123716079428,True
479,llama70bskinnybf16,hipblaslt,8192,8,8192,bf16,T,N,31.15451,7.984405458089668,34.465052539744654,True
480,unet,hipblaslt,2048,1280,1280,fp16,N,N,22.629759999999997,487.6190476190476,296.5513730591929,True
481,llama13bmatvec,hipblaslt,8000,1,5120,fp16,T,N,18.81856,0.9996797900672441,4.353149231397089,True
482,llama13bskinnybf16,hipblaslt,3456,8,5120,bf16,T,N,16.63394,7.969101285524874,17.020352363901758,True
483,llama13bmatvecbf16,hipblaslt,4000,1,5120,bf16,T,N,16.064040000000002,0.9995548857149551,2.5497944477229884,True
484,llama70bskinnybf16,hipblaslt,8192,32,8192,bf16,T,N,42.26755,31.751937984496124,101.6138218562467,True
485,llama13bskinny,hipblaslt,6912,8,5120,fp16,T,N,18.08244,7.978299763375079,31.31386250970555,True
486,llama70bskinnybf16,hipblaslt,32000,4,8192,bf16,T,N,168.45281,3.9975483785334776,12.4494925314692,True
487,llama70bmatvecbf16,hipblaslt,28672,1,8192,bf16,T,N,156.01,0.9998430770840235,3.0111021601179413,True
488,llama70bskinnybf16,hipblaslt,5120,32,8192,bf16,T,N,27.67575,31.678267594740912,96.99301952069952,True
489,llama70bskinnybf16,hipblaslt,4000,4,8192,bf16,T,N,23.31839,3.9940557217578525,11.241942518329955,True
490,llama70bskinny,hipblaslt,8192,32,4096,fp16,T,N,24.01889,31.62934362934363,89.40811369717753,True
491,llama70bskinny,hipblaslt,5120,2,8192,fp16,T,N,24.14949,1.998731274093593,6.947234082376067,True
492,gpt4compute,hipblaslt,2048,8192,65536,fp16,N,N,2710.2167200000004,1598.439024390244,811.3828091031775,True
493,llama13bskinny,hipblaslt,5120,2,6912,fp16,T,N,21.026919999999997,1.998640970404962,6.732215654979427,True
494,llama13bskinnybf16,hipblaslt,5120,16,3456,bf16,T,N,12.810870000000001,15.876880670724704,44.1992651552939,True
495,llama13bskinny,hipblaslt,5120,8,6912,fp16,T,N,21.53746,7.978299763375079,26.29052079493125,True
496,llama70bskinnybf16,hipblaslt,8000,8,8192,bf16,T,N,32.816720000000004,7.98421869274013,31.95249250991568,True
497,llama70bskinny,hipblaslt,8192,2,8192,fp16,T,N,29.94348,1.9990239141044412,8.96473809991357,True
498,llama70bskinny,hipblaslt,28672,8,8192,fp16,T,N,155.65382,7.989967953183782,24.143939313535643,True
499,llama13bskinnybf16,hipblaslt,16000,8,5120,bf16,T,N,33.76655,7.983533961205015,38.817113385880404,True
500,llama70bskinnybf16,hipblaslt,5120,16,8192,bf16,T,N,27.2602,15.919160513019822,49.235782569460234,True
501,unet,hipblaslt,8192,5120,640,bf16,T,T,497.6648,531.9480519480519,107.87801588539112,True
502,llama13bskinnybf16,hipblaslt,16000,16,5120,bf16,T,N,33.04231,15.934271131582223,79.33585757170125,True
503,llama13bskinny,hipblaslt,7680,2,5120,fp16,T,N,26.975240000000003,1.9986987638256344,5.830769253582173,True
504,llama13bskinnybf16,hipblaslt,8000,4,5120,bf16,T,N,18.40301,3.9948815580038075,17.805782858347634,True
505,llama13bskinny,hipblaslt,5120,16,2560,fp16,T,N,9.8189,15.85139318885449,42.71663831997474,True
506,llama70bskinnybf16,hipblaslt,14336,4,8192,bf16,T,N,52.39514,3.9969331567575104,17.931512273848302,True
507,llama70bmatvecbf16,hipblaslt,8000,1,8192,bf16,T,N,28.53059,0.999752990716161,4.594086557621136,True
508,llama13bskinnybf16,hipblaslt,13824,8,5120,bf16,T,N,28.16254,7.982906970029451,40.21164568252721,True
509,llama13bmatvecbf16,hipblaslt,3456,1,5120,bf16,T,N,15.909690000000001,0.9995155704338898,2.224395321341899,True
510,unet,hipblaslt,2048,1280,5120,bf16,T,N,72.55534,682.6666666666666,369.9733968581775,True
511,llama70bmatvecbf16,hipblaslt,14336,1,8192,bf16,T,N,45.36638,0.9998082120129022,5.177424868371689,True
512,llama13bskinny,hipblaslt,7680,4,5120,fp16,T,N,26.998990000000003,3.9947984395318596,11.651280288633018,True
513,llama70bskinny,hipblaslt,5120,8,8192,fp16,T,N,24.42257,7.979738944087279,27.47821543760546,True
514,llama70bskinny,hipblaslt,32000,2,8192,fp16,T,N,167.75231,1.9993869067492975,6.2507395576251685,True
515,llama70bskinnybf16,hipblaslt,57344,4,8192,bf16,T,N,280.24811,3.9977691020635806,13.409890200508402,True
516,gpt4memory,hipblaslt,16,16,1024,fp16,N,N,5.42592,7.937984496124031,0.09662656286860109,True
517,llama13bskinnybf16,hipblaslt,13824,2,5120,bf16,T,N,27.62825,1.9989299709356971,10.247320043795751,True
518,llama13bmatvec,hipblaslt,5120,1,1728,fp16,T,N,10.13947,0.9992265824340246,1.745132635137734,True
519,llama13bskinny,hipblaslt,13824,4,5120,fp16,T,N,27.99631,3.9957221724426972,20.22520253561987,True
520,llama70bmatvecbf16,hipblaslt,4000,1,8192,bf16,T,N,21.88176,0.9996280680723285,2.9950058861810023,True
521,llama70bskinnybf16,hipblaslt,8000,2,8192,bf16,T,N,28.779919999999997,1.9990122068587202,9.108572921675949,True
522,llama70bskinny,hipblaslt,8192,4,14336,fp16,T,N,51.80149,3.9969331567575104,18.13700910919744,True
523,llama13bskinnybf16,hipblaslt,8000,16,5120,bf16,T,N,18.7117,15.918418107200598,70.04815169118787,True
524,llama13bskinnybf16,hipblaslt,1920,4,5120,bf16,T,N,14.74616,3.9885743962607116,5.333130794728933,True
525,llama13bskinnybf16,hipblaslt,7680,16,5120,bf16,T,N,26.97525,15.917098445595855,46.64613673645286,True
526,llama13bskinny,hipblaslt,8000,4,5120,fp16,T,N,18.37926,3.9948815580038075,17.828791801193304,True
527,llama70bskinny,hipblaslt,8192,2,3584,fp16,T,N,14.461200000000002,1.9983969332636349,8.121076535833817,True
528,llama70bskinnybf16,hipblaslt,8192,16,7168,bf16,T,N,26.53595,15.933314809669353,70.81141590936069,True
529,llama70bskinnybf16,hipblaslt,28672,8,8192,bf16,T,N,156.72238000000002,7.989967953183782,23.97932180458209,True
530,llama13bmatvecbf16,hipblaslt,32000,1,5120,bf16,T,N,109.97874,0.9997734888189395,2.9794849440901032,True
531,llama13bskinny,hipblaslt,27648,32,5120,fp16,T,N,66.67825,31.764705882352942,135.87184186747552,True
532,llama13bskinny,hipblaslt,8000,8,5120,fp16,T,N,18.36739,7.979552396982732,35.68062745986229,True
533,llama13bmatvecbf16,hipblaslt,3840,1,5120,bf16,T,N,16.42023,0.9995444784277998,2.394704580873715,True
534,llama13bskinnybf16,hipblaslt,7680,8,5120,bf16,T,N,26.963369999999998,7.979220779220779,23.333344459539,True
535,llama13bskinnybf16,hipblaslt,5120,2,2560,bf16,T,N,9.664549999999998,1.9976589933671478,5.4248568220972535,True
536,llama13bskinnybf16,hipblaslt,7680,32,5120,bf16,T,N,27.07023,31.670103092783506,92.96494340831238,True
537,llama70bskinny,hipblaslt,5120,32,8192,fp16,T,N,26.642799999999998,31.678267594740912,100.75347035596859,True
538,llama70bskinnybf16,hipblaslt,8192,2,7168,bf16,T,N,25.016209999999997,1.9989542301390875,9.389153033173292,True
539,llama70bskinnybf16,hipblaslt,32000,8,8192,bf16,T,N,167.43174,7.990199520900146,25.05082966945216,True
540,llama13bskinnybf16,hipblaslt,5120,32,640,bf16,T,N,6.2214,30.29585798816568,33.708682933101876,True
541,gpt4compute,hipblaslt,2048,2048,1024,fp16,N,N,26.09665,512.0,329.158516208019,True
542,llama70bmatvecbf16,hipblaslt,8192,1,8192,bf16,T,N,38.49196,0.9997559189650964,3.4869029272606538,True
543,llama13bmatvecbf16,hipblaslt,5120,1,3456,bf16,T,N,12.217229999999999,0.9995155704338898,2.896682799619881,True
544,llama13bskinny,hipblaslt,4000,4,5120,fp16,T,N,17.595650000000003,3.992887668839879,9.31139230434795,True
545,llama70bskinny,hipblaslt,8192,32,1024,fp16,T,N,13.03645,30.91320754716981,41.18229364589286,True
546,llama70bskinny,hipblaslt,2560,2,8192,fp16,T,N,14.38997,1.9979513194478318,5.829482618796286,True
547,gpt4memory,hipblaslt,8192,16,65536,fp16,N,N,260.77654,15.964920828258222,65.87965767166018,True
548,llama70bskinnybf16,hipblaslt,8192,16,28672,bf16,T,N,146.52356,15.959922070693015,51.296820579570955,True
549,llama13bskinny,hipblaslt,15360,2,5120,fp16,T,N,42.433769999999996,1.9989588755856325,7.413265425155484,True
550,llama70bskinnybf16,hipblaslt,32000,32,8192,bf16,T,N,177.7018,31.843766520508755,94.41218940944887,True
551,llama13bmatvecbf16,hipblaslt,8000,1,5120,bf16,T,N,18.80669,0.9996797900672441,4.355896758015366,True
552,llama70bskinny,hipblaslt,14336,2,8192,fp16,T,N,51.77775,1.9992329951539238,9.072662446707321,True
553,llama13bskinnybf16,hipblaslt,5120,2,1280,bf16,T,N,6.47073,1.996101364522417,4.051227604922475,True
554,llama70bskinny,hipblaslt,7168,16,8192,fp16,T,N,27.05836,15.933314809669353,69.44427496714509,True
555,llama13bskinnybf16,hipblaslt,5120,32,13824,bf16,T,N,39.79798,31.728253385356897,113.82106126994385,True
556,llama13bskinnybf16,hipblaslt,16000,32,5120,bf16,T,N,42.991800000000005,31.738160178527153,121.95069757488636,True
557,llama70bskinny,hipblaslt,8192,4,8192,fp16,T,N,31.202,3.9960975609756098,17.206298057816806,True
