index,tag,name,B,M,N,K1,K2,dtype,mean_microseconds,arithmetic_intensity,tflops,ok
0,llm_sweep,attention_1x1024x64x64x1024xf16,1,1024,64,64,1024,f16,86.0,512.0,3.1213,True
1,llm_sweep,attention_1x1024x128x128x1024xf16,1,1024,128,128,1024,f16,111.0,512.0,4.8367,True
2,llm_sweep,attention_1x2048x64x64x2048xf16,1,2048,64,64,2048,f16,139.0,1024.0,7.7248,True
3,llm_sweep,attention_1x2048x128x128x2048xf16,1,2048,128,128,2048,f16,156.0,1024.0,13.7659,True
4,sdxl_unet_sweep,attention_1x4096x64x64x4096xf16,1,4096,64,64,4096,f16,222.0,2048.0,19.3467,True
5,llm_sweep,attention_1x4096x128x128x4096xf16,1,4096,128,128,4096,f16,246.0,2048.0,34.9184,True
6,llm_sweep,attention_1x8192x64x64x8192xf16,1,8192,64,64,8192,f16,403.0,4096.0,42.6299,True
7,llm_sweep,attention_1x8192x128x128x8192xf16,1,8192,128,128,8192,f16,477.0,4096.0,72.033,True
8,llm_sweep,attention_1x16384x64x64x16384xf16,1,16384,64,64,16384,f16,756.0,8192.0,90.8988,True
9,llm_sweep,attention_1x16384x128x128x16384xf16,1,16384,128,128,16384,f16,940.0,8192.0,146.2117,True
10,sdxl_unet_sweep,attention_2x1024x64x64x1024xf16,2,1024,64,64,1024,f16,90.0,512.0,5.9652,True
11,llm_sweep,attention_2x1024x128x128x1024xf16,2,1024,128,128,1024,f16,106.0,512.0,10.1296,True
12,llm_sweep,attention_2x2048x64x64x2048xf16,2,2048,64,64,2048,f16,137.0,1024.0,15.6751,True
13,llm_sweep,attention_2x2048x128x128x2048xf16,2,2048,128,128,2048,f16,161.0,1024.0,26.6768,True
14,llm_sweep,attention_2x4096x64x64x4096xf16,2,4096,64,64,4096,f16,221.0,2048.0,38.8685,True
15,llm_sweep,attention_2x4096x128x128x4096xf16,2,4096,128,128,4096,f16,261.0,2048.0,65.8233,True
16,llm_sweep,attention_2x8192x64x64x8192xf16,2,8192,64,64,8192,f16,402.0,4096.0,85.472,True
17,llm_sweep,attention_2x8192x128x128x8192xf16,2,8192,128,128,8192,f16,500.0,4096.0,137.439,True
18,llm_sweep,attention_2x16384x64x64x16384xf16,2,16384,64,64,16384,f16,789.0,8192.0,174.1939,True
19,llm_sweep,attention_2x16384x128x128x16384xf16,2,16384,128,128,16384,f16,955.0,8192.0,287.8303,True
20,llm_sweep,attention_4x1024x64x64x1024xf16,4,1024,64,64,1024,f16,96.0,512.0,11.1848,True
21,llm_sweep,attention_4x1024x128x128x1024xf16,4,1024,128,128,1024,f16,110.0,512.0,19.5226,True
22,llm_sweep,attention_4x2048x64x64x2048xf16,4,2048,64,64,2048,f16,141.0,1024.0,30.4608,True
23,llm_sweep,attention_4x2048x128x128x2048xf16,4,2048,128,128,2048,f16,162.0,1024.0,53.0243,True
24,sdxl_unet_sweep,attention_4x4096x64x64x4096xf16,4,4096,64,64,4096,f16,229.0,2048.0,75.0213,True
25,llm_sweep,attention_4x4096x128x128x4096xf16,4,4096,128,128,4096,f16,284.0,2048.0,120.985,True
26,llm_sweep,attention_4x8192x64x64x8192xf16,4,8192,64,64,8192,f16,436.0,4096.0,157.6135,True
27,llm_sweep,attention_4x8192x128x128x8192xf16,4,8192,128,128,8192,f16,513.0,4096.0,267.9122,True
28,llm_sweep,attention_4x16384x64x64x16384xf16,4,16384,64,64,16384,f16,917.0,8192.0,299.7578,True
29,llm_sweep,attention_4x16384x128x128x16384xf16,4,16384,128,128,16384,f16,1920.0,8192.0,286.3312,True
30,sdxl_unet_sweep,attention_8x1024x64x64x1024xf16,8,1024,64,64,1024,f16,99.0,512.0,21.6918,True
31,llm_sweep,attention_8x1024x128x128x1024xf16,8,1024,128,128,1024,f16,111.0,512.0,38.6934,True
32,llm_sweep,attention_8x2048x64x64x2048xf16,8,2048,64,64,2048,f16,140.0,1024.0,61.3567,True
33,llm_sweep,attention_8x2048x128x128x2048xf16,8,2048,128,128,2048,f16,167.0,1024.0,102.8735,True
34,llm_sweep,attention_8x4096x64x64x4096xf16,8,4096,64,64,4096,f16,226.0,2048.0,152.0342,True
35,llm_sweep,attention_8x4096x128x128x4096xf16,8,4096,128,128,4096,f16,285.0,2048.0,241.121,True
36,llm_sweep,attention_8x8192x64x64x8192xf16,8,8192,64,64,8192,f16,487.0,4096.0,282.2155,True
37,llm_sweep,attention_8x8192x128x128x8192xf16,8,8192,128,128,8192,f16,962.0,4096.0,285.7359,True
38,llm_sweep,attention_8x16384x64x64x16384xf16,8,16384,64,64,16384,f16,1830.0,8192.0,300.413,True
39,llm_sweep,attention_8x16384x128x128x16384xf16,8,16384,128,128,16384,f16,3760.0,8192.0,292.4233,True
40,llm_sweep,attention_16x1024x64x64x1024xf16,16,1024,64,64,1024,f16,101.0,512.0,42.5244,True
41,llm_sweep,attention_16x1024x128x128x1024xf16,16,1024,128,128,1024,f16,115.0,512.0,74.6951,True
42,llm_sweep,attention_16x2048x64x64x2048xf16,16,2048,64,64,2048,f16,151.0,1024.0,113.774,True
43,llm_sweep,attention_16x2048x128x128x2048xf16,16,2048,128,128,2048,f16,164.0,1024.0,209.5106,True
44,llm_sweep,attention_16x4096x64x64x4096xf16,16,4096,64,64,4096,f16,280.0,2048.0,245.4267,True
45,llm_sweep,attention_16x4096x128x128x4096xf16,16,4096,128,128,4096,f16,515.0,2048.0,266.8718,True
46,llm_sweep,attention_16x8192x64x64x8192xf16,16,8192,64,64,8192,f16,937.0,4096.0,293.3596,True
47,llm_sweep,attention_16x8192x128x128x8192xf16,16,8192,128,128,8192,f16,1930.0,4096.0,284.8476,True
48,llm_sweep,attention_16x16384x64x64x16384xf16,16,16384,64,64,16384,f16,3370.0,8192.0,326.2646,True
49,llm_sweep,attention_16x16384x128x128x16384xf16,16,16384,128,128,16384,f16,6570.0,8192.0,334.7067,True
50,llm_sweep,attention_32x1024x64x64x1024xf16,32,1024,64,64,1024,f16,100.0,512.0,85.8993,True
51,llm_sweep,attention_32x1024x128x128x1024xf16,32,1024,128,128,1024,f16,115.0,512.0,149.3902,True
52,llm_sweep,attention_32x2048x64x64x2048xf16,32,2048,64,64,2048,f16,167.0,1024.0,205.7469,True
53,llm_sweep,attention_32x2048x128x128x2048xf16,32,2048,128,128,2048,f16,293.0,1024.0,234.5375,True
54,llm_sweep,attention_32x4096x64x64x4096xf16,32,4096,64,64,4096,f16,499.0,2048.0,275.4288,True
55,llm_sweep,attention_32x4096x128x128x4096xf16,32,4096,128,128,4096,f16,958.0,2048.0,286.9289,True
56,llm_sweep,attention_32x8192x64x64x8192xf16,32,8192,64,64,8192,f16,1730.0,4096.0,317.7779,True
57,llm_sweep,attention_32x8192x128x128x8192xf16,32,8192,128,128,8192,f16,3350.0,4096.0,328.2124,True
58,llm_sweep,attention_32x16384x64x64x16384xf16,32,16384,64,64,16384,f16,6440.0,8192.0,341.4632,True
59,llm_sweep,attention_32x16384x128x128x16384xf16,32,16384,128,128,16384,f16,13200.0,8192.0,333.1853,True
60,llm_sweep,attention_48x1024x64x64x1024xf16,48,1024,64,64,1024,f16,113.0,512.0,114.0257,True
61,llm_sweep,attention_48x1024x128x128x1024xf16,48,1024,128,128,1024,f16,178.0,512.0,144.7742,True
62,llm_sweep,attention_48x2048x64x64x2048xf16,48,2048,64,64,2048,f16,250.0,1024.0,206.1584,True
63,llm_sweep,attention_48x2048x128x128x2048xf16,48,2048,128,128,2048,f16,416.0,1024.0,247.7866,True
64,llm_sweep,attention_48x4096x64x64x4096xf16,48,4096,64,64,4096,f16,704.0,2048.0,292.8387,True
65,llm_sweep,attention_48x4096x128x128x4096xf16,48,4096,128,128,4096,f16,1440.0,2048.0,286.3312,True
66,llm_sweep,attention_48x8192x64x64x8192xf16,48,8192,64,64,8192,f16,2630.0,4096.0,313.5489,True
67,llm_sweep,attention_48x8192x128x128x8192xf16,48,8192,128,128,8192,f16,5240.0,4096.0,314.7457,True
68,llm_sweep,attention_48x16384x64x64x16384xf16,48,16384,64,64,16384,f16,9600.0,8192.0,343.5974,True
69,llm_sweep,attention_48x16384x128x128x16384xf16,48,16384,128,128,16384,f16,19600.0,8192.0,336.5852,True
70,llm_sweep,attention_64x1024x64x64x1024xf16,64,1024,64,64,1024,f16,115.0,512.0,149.3902,True
71,llm_sweep,attention_64x1024x128x128x1024xf16,64,1024,128,128,1024,f16,180.0,512.0,190.8874,True
72,llm_sweep,attention_64x2048x64x64x2048xf16,64,2048,64,64,2048,f16,284.0,1024.0,241.97,True
73,llm_sweep,attention_64x2048x128x128x2048xf16,64,2048,128,128,2048,f16,521.0,1024.0,263.7984,True
74,llm_sweep,attention_64x4096x64x64x4096xf16,64,4096,64,64,4096,f16,885.0,2048.0,310.5965,True
75,llm_sweep,attention_64x4096x128x128x4096xf16,64,4096,128,128,4096,f16,1750.0,2048.0,314.1462,True
76,llm_sweep,attention_64x8192x64x64x8192xf16,64,8192,64,64,8192,f16,3290.0,4096.0,334.1981,True
77,llm_sweep,attention_64x8192x128x128x8192xf16,64,8192,128,128,8192,f16,6900.0,4096.0,318.699,True
78,llm_sweep,attention_64x16384x64x64x16384xf16,64,16384,64,64,16384,f16,12600.0,8192.0,349.0513,True
79,llm_sweep,attention_64x16384x128x128x16384xf16,64,16384,128,128,16384,f16,25300.0,8192.0,347.6717,True
80,llm_sweep,attention_96x1024x64x64x1024xf16,96,1024,64,64,1024,f16,161.0,512.0,160.0609,True
81,llm_sweep,attention_96x1024x128x128x1024xf16,96,1024,128,128,1024,f16,237.0,512.0,217.4667,True
82,llm_sweep,attention_96x2048x64x64x2048xf16,96,2048,64,64,2048,f16,400.0,1024.0,257.698,True
83,llm_sweep,attention_96x2048x128x128x2048xf16,96,2048,128,128,2048,f16,764.0,1024.0,269.8409,True
84,llm_sweep,attention_96x4096x64x64x4096xf16,96,4096,64,64,4096,f16,1330.0,2048.0,310.0127,True
85,llm_sweep,attention_96x4096x128x128x4096xf16,96,4096,128,128,4096,f16,2770.0,2048.0,297.7017,True
86,llm_sweep,attention_96x8192x64x64x8192xf16,96,8192,64,64,8192,f16,4940.0,4096.0,333.8598,True
87,llm_sweep,attention_96x8192x128x128x8192xf16,96,8192,128,128,8192,f16,10100.0,4096.0,326.5876,True
88,llm_sweep,attention_96x16384x64x64x16384xf16,96,16384,64,64,16384,f16,18600.0,8192.0,354.6812,True
89,llm_sweep,attention_96x16384x128x128x16384xf16,96,16384,128,128,16384,f16,38300.0,8192.0,344.4945,True
90,llm_sweep,attention_128x1024x64x64x1024xf16,128,1024,64,64,1024,f16,172.0,512.0,199.7659,True
91,llm_sweep,attention_128x1024x128x128x1024xf16,128,1024,128,128,1024,f16,306.0,512.0,224.5735,True
92,llm_sweep,attention_128x2048x64x64x2048xf16,128,2048,64,64,2048,f16,489.0,1024.0,281.0613,True
93,llm_sweep,attention_128x2048x128x128x2048xf16,128,2048,128,128,2048,f16,902.0,1024.0,304.7427,True
94,llm_sweep,attention_128x4096x64x64x4096xf16,128,4096,64,64,4096,f16,1730.0,2048.0,317.7779,True
95,llm_sweep,attention_128x4096x128x128x4096xf16,128,4096,128,128,4096,f16,3590.0,2048.0,306.2706,True
96,llm_sweep,attention_128x8192x64x64x8192xf16,128,8192,64,64,8192,f16,6460.0,4096.0,340.4061,True
97,llm_sweep,attention_128x8192x128x128x8192xf16,128,8192,128,128,8192,f16,13300.0,4096.0,330.6802,True
98,llm_sweep,attention_128x16384x64x64x16384xf16,128,16384,64,64,16384,f16,24600.0,8192.0,357.5648,True
99,llm_sweep,attention_128x16384x128x128x16384xf16,128,16384,128,128,16384,f16,50100.0,8192.0,351.1414,True
100,llm_sweep,attention_192x1024x64x64x1024xf16,192,1024,64,64,1024,f16,226.0,512.0,228.0514,True
101,llm_sweep,attention_192x1024x128x128x1024xf16,192,1024,128,128,1024,f16,429.0,512.0,240.2779,True
102,llm_sweep,attention_192x2048x64x64x2048xf16,192,2048,64,64,2048,f16,716.0,1024.0,287.9308,True
103,llm_sweep,attention_192x2048x128x128x2048xf16,192,2048,128,128,2048,f16,1520.0,1024.0,271.2611,True
104,llm_sweep,attention_192x4096x64x64x4096xf16,192,4096,64,64,4096,f16,2650.0,2048.0,311.1825,True
105,llm_sweep,attention_192x4096x128x128x4096xf16,192,4096,128,128,4096,f16,5260.0,2048.0,313.5489,True
106,llm_sweep,attention_192x8192x64x64x8192xf16,192,8192,64,64,8192,f16,9550.0,4096.0,345.3963,True
107,llm_sweep,attention_192x8192x128x128x8192xf16,192,8192,128,128,8192,f16,19700.0,4096.0,334.8766,True
108,llm_sweep,attention_192x16384x64x64x16384xf16,192,16384,64,64,16384,f16,36700.0,8192.0,359.5133,True
109,llm_sweep,attention_192x16384x128x128x16384xf16,192,16384,128,128,16384,f16,75100.0,8192.0,351.3752,True
110,llm_sweep,attention_1x1024x64x64x1024xf8E4M3FNUZ,1,1024,64,64,1024,f8E4M3FNUZ,93.0,1024.0,2.8864,True
111,llm_sweep,attention_1x1024x128x128x1024xf8E4M3FNUZ,1,1024,128,128,1024,f8E4M3FNUZ,92.0,1024.0,5.8356,True
112,llm_sweep,attention_1x2048x64x64x2048xf8E4M3FNUZ,1,2048,64,64,2048,f8E4M3FNUZ,138.0,2048.0,7.7807,True
113,llm_sweep,attention_1x2048x128x128x2048xf8E4M3FNUZ,1,2048,128,128,2048,f8E4M3FNUZ,145.0,2048.0,14.8102,True
114,sdxl_unet_sweep,attention_1x4096x64x64x4096xf8E4M3FNUZ,1,4096,64,64,4096,f8E4M3FNUZ,216.0,4096.0,19.8841,True
115,llm_sweep,attention_1x4096x128x128x4096xf8E4M3FNUZ,1,4096,128,128,4096,f8E4M3FNUZ,213.0,4096.0,40.3283,True
116,llm_sweep,attention_1x8192x64x64x8192xf8E4M3FNUZ,1,8192,64,64,8192,f8E4M3FNUZ,383.0,8192.0,44.8561,True
117,llm_sweep,attention_1x8192x128x128x8192xf8E4M3FNUZ,1,8192,128,128,8192,f8E4M3FNUZ,391.0,8192.0,87.8766,True
118,llm_sweep,attention_1x16384x64x64x16384xf8E4M3FNUZ,1,16384,64,64,16384,f8E4M3FNUZ,708.0,16384.0,97.0614,True
119,llm_sweep,attention_1x16384x128x128x16384xf8E4M3FNUZ,1,16384,128,128,16384,f8E4M3FNUZ,1440.0,16384.0,95.4437,True
120,sdxl_unet_sweep,attention_2x1024x64x64x1024xf8E4M3FNUZ,2,1024,64,64,1024,f8E4M3FNUZ,94.0,1024.0,5.7114,True
121,llm_sweep,attention_2x1024x128x128x1024xf8E4M3FNUZ,2,1024,128,128,1024,f8E4M3FNUZ,92.0,1024.0,11.6711,True
122,llm_sweep,attention_2x2048x64x64x2048xf8E4M3FNUZ,2,2048,64,64,2048,f8E4M3FNUZ,137.0,2048.0,15.6751,True
123,llm_sweep,attention_2x2048x128x128x2048xf8E4M3FNUZ,2,2048,128,128,2048,f8E4M3FNUZ,136.0,2048.0,31.5806,True
124,llm_sweep,attention_2x4096x64x64x4096xf8E4M3FNUZ,2,4096,64,64,4096,f8E4M3FNUZ,212.0,4096.0,40.5186,True
125,llm_sweep,attention_2x4096x128x128x4096xf8E4M3FNUZ,2,4096,128,128,4096,f8E4M3FNUZ,212.0,4096.0,81.0371,True
126,llm_sweep,attention_2x8192x64x64x8192xf8E4M3FNUZ,2,8192,64,64,8192,f8E4M3FNUZ,388.0,8192.0,88.556,True
127,llm_sweep,attention_2x8192x128x128x8192xf8E4M3FNUZ,2,8192,128,128,8192,f8E4M3FNUZ,700.0,8192.0,98.1707,True
128,llm_sweep,attention_2x16384x64x64x16384xf8E4M3FNUZ,2,16384,64,64,16384,f8E4M3FNUZ,789.0,16384.0,174.1939,True
129,llm_sweep,attention_2x16384x128x128x16384xf8E4M3FNUZ,2,16384,128,128,16384,f8E4M3FNUZ,2740.0,16384.0,100.3204,True
130,llm_sweep,attention_4x1024x64x64x1024xf8E4M3FNUZ,4,1024,64,64,1024,f8E4M3FNUZ,95.0,1024.0,11.3025,True
131,llm_sweep,attention_4x1024x128x128x1024xf8E4M3FNUZ,4,1024,128,128,1024,f8E4M3FNUZ,96.0,1024.0,22.3696,True
132,llm_sweep,attention_4x2048x64x64x2048xf8E4M3FNUZ,4,2048,64,64,2048,f8E4M3FNUZ,139.0,2048.0,30.899,True
133,llm_sweep,attention_4x2048x128x128x2048xf8E4M3FNUZ,4,2048,128,128,2048,f8E4M3FNUZ,134.0,2048.0,64.104,True
134,sdxl_unet_sweep,attention_4x4096x64x64x4096xf8E4M3FNUZ,4,4096,64,64,4096,f8E4M3FNUZ,216.0,4096.0,79.5364,True
135,llm_sweep,attention_4x4096x128x128x4096xf8E4M3FNUZ,4,4096,128,128,4096,f8E4M3FNUZ,391.0,4096.0,87.8766,True
136,llm_sweep,attention_4x8192x64x64x8192xf8E4M3FNUZ,4,8192,64,64,8192,f8E4M3FNUZ,433.0,8192.0,158.7055,True
137,llm_sweep,attention_4x8192x128x128x8192xf8E4M3FNUZ,4,8192,128,128,8192,f8E4M3FNUZ,1390.0,8192.0,98.8769,True
138,llm_sweep,attention_4x16384x64x64x16384xf8E4M3FNUZ,4,16384,64,64,16384,f8E4M3FNUZ,1580.0,16384.0,173.9734,True
139,llm_sweep,attention_4x16384x128x128x16384xf8E4M3FNUZ,4,16384,128,128,16384,f8E4M3FNUZ,4690.0,16384.0,117.2187,True
140,sdxl_unet_sweep,attention_8x1024x64x64x1024xf8E4M3FNUZ,8,1024,64,64,1024,f8E4M3FNUZ,89.0,1024.0,24.129,True
141,llm_sweep,attention_8x1024x128x128x1024xf8E4M3FNUZ,8,1024,128,128,1024,f8E4M3FNUZ,94.0,1024.0,45.6911,True
142,llm_sweep,attention_8x2048x64x64x2048xf8E4M3FNUZ,8,2048,64,64,2048,f8E4M3FNUZ,137.0,2048.0,62.7003,True
143,llm_sweep,attention_8x2048x128x128x2048xf8E4M3FNUZ,8,2048,128,128,2048,f8E4M3FNUZ,220.0,2048.0,78.0903,True
144,llm_sweep,attention_8x4096x64x64x4096xf8E4M3FNUZ,8,4096,64,64,4096,f8E4M3FNUZ,241.0,4096.0,142.5715,True
145,llm_sweep,attention_8x4096x128x128x4096xf8E4M3FNUZ,8,4096,128,128,4096,f8E4M3FNUZ,704.0,4096.0,97.6129,True
146,llm_sweep,attention_8x8192x64x64x8192xf8E4M3FNUZ,8,8192,64,64,8192,f8E4M3FNUZ,794.0,8192.0,173.0969,True
147,llm_sweep,attention_8x8192x128x128x8192xf8E4M3FNUZ,8,8192,128,128,8192,f8E4M3FNUZ,2410.0,8192.0,114.0572,True
148,llm_sweep,attention_8x16384x64x64x16384xf8E4M3FNUZ,8,16384,64,64,16384,f8E4M3FNUZ,3050.0,16384.0,180.2478,True
149,llm_sweep,attention_8x16384x128x128x16384xf8E4M3FNUZ,8,16384,128,128,16384,f8E4M3FNUZ,9200.0,16384.0,119.5121,True
150,llm_sweep,attention_16x1024x64x64x1024xf8E4M3FNUZ,16,1024,64,64,1024,f8E4M3FNUZ,98.0,1024.0,43.8262,True
151,llm_sweep,attention_16x1024x128x128x1024xf8E4M3FNUZ,16,1024,128,128,1024,f8E4M3FNUZ,137.0,1024.0,62.7003,True
152,llm_sweep,attention_16x2048x64x64x2048xf8E4M3FNUZ,16,2048,64,64,2048,f8E4M3FNUZ,149.0,2048.0,115.3011,True
153,llm_sweep,attention_16x2048x128x128x2048xf8E4M3FNUZ,16,2048,128,128,2048,f8E4M3FNUZ,392.0,2048.0,87.6524,True
154,llm_sweep,attention_16x4096x64x64x4096xf8E4M3FNUZ,16,4096,64,64,4096,f8E4M3FNUZ,434.0,4096.0,158.3398,True
155,llm_sweep,attention_16x4096x128x128x4096xf8E4M3FNUZ,16,4096,128,128,4096,f8E4M3FNUZ,1180.0,4096.0,116.4737,True
156,llm_sweep,attention_16x8192x64x64x8192xf8E4M3FNUZ,16,8192,64,64,8192,f8E4M3FNUZ,1570.0,8192.0,175.0815,True
157,llm_sweep,attention_16x8192x128x128x8192xf8E4M3FNUZ,16,8192,128,128,8192,f8E4M3FNUZ,4650.0,8192.0,118.2271,True
158,llm_sweep,attention_16x16384x64x64x16384xf8E4M3FNUZ,16,16384,64,64,16384,f8E4M3FNUZ,5230.0,16384.0,210.2317,True
159,llm_sweep,attention_16x16384x128x128x16384xf8E4M3FNUZ,16,16384,128,128,16384,f8E4M3FNUZ,17600.0,16384.0,124.9445,True
160,llm_sweep,attention_32x1024x64x64x1024xf8E4M3FNUZ,32,1024,64,64,1024,f8E4M3FNUZ,105.0,1024.0,81.8089,True
161,llm_sweep,attention_32x1024x128x128x1024xf8E4M3FNUZ,32,1024,128,128,1024,f8E4M3FNUZ,215.0,1024.0,79.9064,True
162,llm_sweep,attention_32x2048x64x64x2048xf8E4M3FNUZ,32,2048,64,64,2048,f8E4M3FNUZ,243.0,2048.0,141.3981,True
163,llm_sweep,attention_32x2048x128x128x2048xf8E4M3FNUZ,32,2048,128,128,2048,f8E4M3FNUZ,628.0,2048.0,109.4259,True
164,llm_sweep,attention_32x4096x64x64x4096xf8E4M3FNUZ,32,4096,64,64,4096,f8E4M3FNUZ,789.0,4096.0,174.1939,True
165,llm_sweep,attention_32x4096x128x128x4096xf8E4M3FNUZ,32,4096,128,128,4096,f8E4M3FNUZ,2370.0,4096.0,115.9822,True
166,llm_sweep,attention_32x8192x64x64x8192xf8E4M3FNUZ,32,8192,64,64,8192,f8E4M3FNUZ,2700.0,8192.0,203.6133,True
167,llm_sweep,attention_32x8192x128x128x8192xf8E4M3FNUZ,32,8192,128,128,8192,f8E4M3FNUZ,8860.0,8192.0,124.0984,True
168,llm_sweep,attention_32x16384x64x64x16384xf8E4M3FNUZ,32,16384,64,64,16384,f8E4M3FNUZ,10200.0,16384.0,215.5905,True
169,llm_sweep,attention_32x16384x128x128x16384xf8E4M3FNUZ,32,16384,128,128,16384,f8E4M3FNUZ,35000.0,16384.0,125.6585,True
170,llm_sweep,attention_48x1024x64x64x1024xf8E4M3FNUZ,48,1024,64,64,1024,f8E4M3FNUZ,149.0,1024.0,86.4759,True
171,llm_sweep,attention_48x1024x128x128x1024xf8E4M3FNUZ,48,1024,128,128,1024,f8E4M3FNUZ,305.0,1024.0,84.4912,True
172,llm_sweep,attention_48x2048x64x64x2048xf8E4M3FNUZ,48,2048,64,64,2048,f8E4M3FNUZ,342.0,2048.0,150.7006,True
173,llm_sweep,attention_48x2048x128x128x2048xf8E4M3FNUZ,48,2048,128,128,2048,f8E4M3FNUZ,941.0,2048.0,109.5422,True
174,llm_sweep,attention_48x4096x64x64x4096xf8E4M3FNUZ,48,4096,64,64,4096,f8E4M3FNUZ,1130.0,4096.0,182.4411,True
175,llm_sweep,attention_48x4096x128x128x4096xf8E4M3FNUZ,48,4096,128,128,4096,f8E4M3FNUZ,3470.0,4096.0,118.8233,True
176,llm_sweep,attention_48x8192x64x64x8192xf8E4M3FNUZ,48,8192,64,64,8192,f8E4M3FNUZ,4140.0,8192.0,199.1869,True
177,llm_sweep,attention_48x8192x128x128x8192xf8E4M3FNUZ,48,8192,128,128,8192,f8E4M3FNUZ,13300.0,8192.0,124.0051,True
178,llm_sweep,attention_48x16384x64x64x16384xf8E4M3FNUZ,48,16384,64,64,16384,f8E4M3FNUZ,15200.0,16384.0,217.0089,True
179,llm_sweep,attention_48x16384x128x128x16384xf8E4M3FNUZ,48,16384,128,128,16384,f8E4M3FNUZ,52400.0,16384.0,125.8983,True
180,llm_sweep,attention_64x1024x64x64x1024xf8E4M3FNUZ,64,1024,64,64,1024,f8E4M3FNUZ,156.0,1024.0,110.1274,True
181,llm_sweep,attention_64x1024x128x128x1024xf8E4M3FNUZ,64,1024,128,128,1024,f8E4M3FNUZ,352.0,1024.0,97.6129,True
182,llm_sweep,attention_64x2048x64x64x2048xf8E4M3FNUZ,64,2048,64,64,2048,f8E4M3FNUZ,436.0,2048.0,157.6135,True
183,llm_sweep,attention_64x2048x128x128x2048xf8E4M3FNUZ,64,2048,128,128,2048,f8E4M3FNUZ,1180.0,2048.0,116.4737,True
184,llm_sweep,attention_64x4096x64x64x4096xf8E4M3FNUZ,64,4096,64,64,4096,f8E4M3FNUZ,1350.0,4096.0,203.6133,True
185,llm_sweep,attention_64x4096x128x128x4096xf8E4M3FNUZ,64,4096,128,128,4096,f8E4M3FNUZ,4430.0,4096.0,124.0984,True
186,llm_sweep,attention_64x8192x64x64x8192xf8E4M3FNUZ,64,8192,64,64,8192,f8E4M3FNUZ,5230.0,8192.0,210.2317,True
187,llm_sweep,attention_64x8192x128x128x8192xf8E4M3FNUZ,64,8192,128,128,8192,f8E4M3FNUZ,17500.0,8192.0,125.6585,True
188,llm_sweep,attention_64x16384x64x64x16384xf8E4M3FNUZ,64,16384,64,64,16384,f8E4M3FNUZ,19800.0,16384.0,222.1236,True
189,llm_sweep,attention_64x16384x128x128x16384xf8E4M3FNUZ,64,16384,128,128,16384,f8E4M3FNUZ,69700.0,16384.0,126.1993,True
190,llm_sweep,attention_96x1024x64x64x1024xf8E4M3FNUZ,96,1024,64,64,1024,f8E4M3FNUZ,195.0,1024.0,132.1528,True
191,llm_sweep,attention_96x1024x128x128x1024xf8E4M3FNUZ,96,1024,128,128,1024,f8E4M3FNUZ,521.0,1024.0,98.9244,True
192,llm_sweep,attention_96x2048x64x64x2048xf8E4M3FNUZ,96,2048,64,64,2048,f8E4M3FNUZ,609.0,2048.0,169.2598,True
193,llm_sweep,attention_96x2048x128x128x2048xf8E4M3FNUZ,96,2048,128,128,2048,f8E4M3FNUZ,1810.0,2048.0,113.8997,True
194,llm_sweep,attention_96x4096x64x64x4096xf8E4M3FNUZ,96,4096,64,64,4096,f8E4M3FNUZ,2130.0,4096.0,193.576,True
195,llm_sweep,attention_96x4096x128x128x4096xf8E4M3FNUZ,96,4096,128,128,4096,f8E4M3FNUZ,6590.0,4096.0,125.1341,True
196,llm_sweep,attention_96x8192x64x64x8192xf8E4M3FNUZ,96,8192,64,64,8192,f8E4M3FNUZ,7670.0,8192.0,215.0283,True
197,llm_sweep,attention_96x8192x128x128x8192xf8E4M3FNUZ,96,8192,128,128,8192,f8E4M3FNUZ,26100.0,8192.0,126.3806,True
198,llm_sweep,attention_96x16384x64x64x16384xf8E4M3FNUZ,96,16384,64,64,16384,f8E4M3FNUZ,29500.0,16384.0,223.6295,True
199,llm_sweep,attention_96x16384x128x128x16384xf8E4M3FNUZ,96,16384,128,128,16384,f8E4M3FNUZ,104000.0,16384.0,126.8667,True
200,llm_sweep,attention_128x1024x64x64x1024xf8E4M3FNUZ,128,1024,64,64,1024,f8E4M3FNUZ,242.0,1024.0,141.9824,True
201,llm_sweep,attention_128x1024x128x128x1024xf8E4M3FNUZ,128,1024,128,128,1024,f8E4M3FNUZ,645.0,1024.0,106.5418,True
202,llm_sweep,attention_128x2048x64x64x2048xf8E4M3FNUZ,128,2048,64,64,2048,f8E4M3FNUZ,706.0,2048.0,194.6727,True
203,llm_sweep,attention_128x2048x128x128x2048xf8E4M3FNUZ,128,2048,128,128,2048,f8E4M3FNUZ,2330.0,2048.0,117.9734,True
204,llm_sweep,attention_128x4096x64x64x4096xf8E4M3FNUZ,128,4096,64,64,4096,f8E4M3FNUZ,2700.0,4096.0,203.6133,True
205,llm_sweep,attention_128x4096x128x128x4096xf8E4M3FNUZ,128,4096,128,128,4096,f8E4M3FNUZ,8590.0,4096.0,127.999,True
206,llm_sweep,attention_128x8192x64x64x8192xf8E4M3FNUZ,128,8192,64,64,8192,f8E4M3FNUZ,10000.0,8192.0,219.9023,True
207,llm_sweep,attention_128x8192x128x128x8192xf8E4M3FNUZ,128,8192,128,128,8192,f8E4M3FNUZ,34600.0,8192.0,127.1112,True
208,llm_sweep,attention_128x16384x64x64x16384xf8E4M3FNUZ,128,16384,64,64,16384,f8E4M3FNUZ,39100.0,16384.0,224.964,True
209,llm_sweep,attention_128x16384x128x128x16384xf8E4M3FNUZ,128,16384,128,128,16384,f8E4M3FNUZ,139000.0,16384.0,126.5625,True
210,llm_sweep,attention_192x1024x64x64x1024xf8E4M3FNUZ,192,1024,64,64,1024,f8E4M3FNUZ,342.0,1024.0,150.7006,True
211,llm_sweep,attention_192x1024x128x128x1024xf8E4M3FNUZ,192,1024,128,128,1024,f8E4M3FNUZ,927.0,1024.0,111.1966,True
212,llm_sweep,attention_192x2048x64x64x2048xf8E4M3FNUZ,192,2048,64,64,2048,f8E4M3FNUZ,1060.0,2048.0,194.4891,True
213,llm_sweep,attention_192x2048x128x128x2048xf8E4M3FNUZ,192,2048,128,128,2048,f8E4M3FNUZ,3430.0,2048.0,120.209,True
214,llm_sweep,attention_192x4096x64x64x4096xf8E4M3FNUZ,192,4096,64,64,4096,f8E4M3FNUZ,3980.0,4096.0,207.1944,True
215,llm_sweep,attention_192x4096x128x128x4096xf8E4M3FNUZ,192,4096,128,128,4096,f8E4M3FNUZ,12800.0,4096.0,128.849,True
216,llm_sweep,attention_192x8192x64x64x8192xf8E4M3FNUZ,192,8192,64,64,8192,f8E4M3FNUZ,15000.0,8192.0,219.9023,True
217,llm_sweep,attention_192x8192x128x128x8192xf8E4M3FNUZ,192,8192,128,128,8192,f8E4M3FNUZ,51800.0,8192.0,127.3566,True
218,llm_sweep,attention_192x16384x64x64x16384xf8E4M3FNUZ,192,16384,64,64,16384,f8E4M3FNUZ,58100.0,16384.0,227.0936,True
219,llm_sweep,attention_192x16384x128x128x16384xf8E4M3FNUZ,192,16384,128,128,16384,f8E4M3FNUZ,209000.0,16384.0,126.2597,True
220,sdxl_unet_sweep,attention_1x4096x64x64x64xf16,1,4096,64,64,64,f16,53.0,63.0154,1.2662,True
221,sdxl_unet_sweep,attention_2x1024x64x64x64xf16,2,1024,64,64,64,f16,56.0,60.2353,0.5992,True
222,sdxl_unet_sweep,attention_4x4096x64x64x64xf16,4,4096,64,64,64,f16,51.0,63.0154,5.2634,True
223,sdxl_unet_sweep,attention_8x1024x64x64x64xf16,8,1024,64,64,64,f16,47.0,60.2353,2.8557,True
224,sdxl_unet_sweep,attention_20x4096x64x64x4096xf16,20,4096,64,64,4096,f16,441.0,2048.0,194.7831,True
225,sdxl_unet_sweep,attention_20x4096x64x64x64xf16,20,4096,64,64,64,f16,60.0,63.0154,22.3696,True
226,sdxl_unet_sweep,attention_40x1024x64x64x1024xf16,40,1024,64,64,1024,f16,112.0,512.0,95.8698,True
227,sdxl_unet_sweep,attention_40x1024x64x64x64xf16,40,1024,64,64,64,f16,55.0,60.2353,12.2016,True
228,sdxl_unet_sweep,attention_1x4096x64x64x64xf8E4M3FNUZ,1,4096,64,64,64,f8E4M3FNUZ,51.0,126.0308,1.3159,True
229,sdxl_unet_sweep,attention_2x1024x64x64x64xf8E4M3FNUZ,2,1024,64,64,64,f8E4M3FNUZ,49.0,120.4706,0.6848,True
230,sdxl_unet_sweep,attention_4x4096x64x64x64xf8E4M3FNUZ,4,4096,64,64,64,f8E4M3FNUZ,58.0,126.0308,4.6282,True
231,sdxl_unet_sweep,attention_8x1024x64x64x64xf8E4M3FNUZ,8,1024,64,64,64,f8E4M3FNUZ,49.0,120.4706,2.7391,True
232,sdxl_unet_sweep,attention_20x4096x64x64x4096xf8E4M3FNUZ,20,4096,64,64,4096,f8E4M3FNUZ,598.0,4096.0,143.6444,True
233,sdxl_unet_sweep,attention_20x4096x64x64x64xf8E4M3FNUZ,20,4096,64,64,64,f8E4M3FNUZ,59.0,126.0308,22.7488,True
234,sdxl_unet_sweep,attention_40x1024x64x64x1024xf8E4M3FNUZ,40,1024,64,64,1024,f8E4M3FNUZ,138.0,1024.0,77.8074,True
235,sdxl_unet_sweep,attention_40x1024x64x64x64xf8E4M3FNUZ,40,1024,64,64,64,f8E4M3FNUZ,55.0,120.4706,12.2016,True
236,bert_attn_sweep,attention_12x384x64x64x384xf16,12,384,64,64,384,f16,67.0,192.0,6.761,True
237,bert_attn_sweep,attention_768x4096x64x64x64xf16,768,4096,64,64,64,f16,398.0,63.0154,129.4965,True
238,bert_attn_sweep,attention_12x384x64x64x384xf8E4M3FNUZ,12,384,64,64,384,f8E4M3FNUZ,63.0,384.0,7.1902,True
239,bert_attn_sweep,attention_768x4096x64x64x64xf8E4M3FNUZ,768,4096,64,64,64,f8E4M3FNUZ,412.0,126.0308,125.0961,True
